Actual_Range_km,Pred_LinearRegression,Pred_RidgeRegression,Pred_RandomForest,Pred_GradientBoosting,Best_Model,Error_LinearRegression,Error_RidgeRegression,Error_RandomForest,Error_GradientBoosting
61.21,58.73512265470684,58.75122848093132,58.79919317460318,62.89555408889754,Gradient Boosting,2.4748773452931587,2.4587715190686836,2.4108068253968185,-1.6855540888975398
171.51,176.3050185770591,176.33875270815952,161.9637051190476,160.02848936322096,Gradient Boosting,-4.795018577059096,-4.828752708159527,9.546294880952388,11.481510636779035
93.58,102.88748080301463,102.90101314075082,97.6825328835979,87.31305929847848,Gradient Boosting,-9.307480803014627,-9.321013140750821,-4.1025328835979025,6.26694070152152
194.77,163.02706330836864,163.05868153134168,161.06712511904757,169.20054427125604,Gradient Boosting,31.74293669163137,31.711318468658334,33.702874880952436,25.569455728743975
50.95,38.42445880472151,38.17144691069613,45.91536698412698,44.08688705015508,Gradient Boosting,12.525541195278493,12.77855308930387,5.03463301587302,6.8631129498449255
71.67,64.87693905061477,64.89041171778064,70.58820060846558,72.66061236308771,Gradient Boosting,6.793060949385236,6.779588282219365,1.0817993915344175,-0.9906123630877062
191.31,183.95443155546147,184.03559702196333,197.6397485714286,194.30466240162767,Gradient Boosting,7.355568444538534,7.274402978036676,-6.32974857142861,-2.9946624016276644
316.24,282.43713719529035,282.34631830094384,282.73550198412715,304.4713475900976,Gradient Boosting,33.80286280470966,33.893681699056174,33.504498015872855,11.768652409902415
94.16,103.37511675229712,103.26116644747407,82.98247242063485,93.79516341004606,Gradient Boosting,-9.21511675229712,-9.101166447474071,11.177527579365147,0.36483658995393853
78.39,86.8368230948784,86.66082011281397,79.25742902116394,80.30825095543801,Gradient Boosting,-8.446823094878397,-8.270820112813965,-0.867429021163943,-1.9182509554380118
176.67,176.21356202462505,176.10031684214727,176.29585634199137,181.07382503719955,Gradient Boosting,0.45643797537493924,0.5696831578527224,0.37414365800862015,-4.403825037199567
277.37,242.95139461301994,242.98331642039594,259.5067178042328,258.8236396750008,Gradient Boosting,34.41860538698006,34.38668357960407,17.863282195767226,18.546360324999227
218.07,185.99147193905836,186.02326088412138,185.3230972222222,180.27206134814392,Gradient Boosting,32.078528060941636,32.04673911587861,32.74690277777779,37.79793865185607
92.75,82.66167139825917,82.78626582193597,91.26298960317453,82.8222151798564,Gradient Boosting,10.088328601740827,9.96373417806403,1.4870103968254682,9.9277848201436
313.31,271.9599956362362,271.8388943786635,275.6426443650793,280.0742966656259,Gradient Boosting,41.35000436376379,41.471105621336505,37.66735563492068,33.23570333437408
90.52,77.94744009491157,77.86602307889869,89.45035488095236,85.49380682978911,Gradient Boosting,12.572559905088426,12.653976921101304,1.0696451190476353,5.026193170210888
69.96,48.94128794038875,49.36854024126454,58.082829126984166,60.98975763055259,Gradient Boosting,21.018712059611246,20.591459758735454,11.877170873015828,8.970242369447405
107.48,107.65343671698963,107.78825459910632,106.66842748677247,108.05729247504583,Gradient Boosting,-0.17343671698962737,-0.3082545991063199,0.8115725132275315,-0.577292475045823
102.96,127.94095391495743,128.10359085380284,124.12917601851858,113.77681504498517,Gradient Boosting,-24.98095391495744,-25.14359085380285,-21.169176018518584,-10.816815044985177
216.51,229.80607756751738,229.75440871653507,213.17386539682536,211.24657815683966,Gradient Boosting,-13.296077567517386,-13.244408716535077,3.336134603174628,5.26342184316033
217.5,246.0985037819854,246.1537528319643,257.79466503968257,240.84252616948052,Gradient Boosting,-28.598503781985414,-28.65375283196431,-40.29466503968257,-23.34252616948052
41.4,21.369849024368023,21.347228260401835,45.06475810726308,32.697614007666466,Gradient Boosting,20.030150975631976,20.052771739598164,-3.664758107263083,8.702385992333532
191.09,229.58992602455555,229.5690646023264,226.16787874338615,223.86223477843868,Gradient Boosting,-38.49992602455555,-38.47906460232639,-35.07787874338615,-32.77223477843867
54.81,43.93242155639943,43.65125545383307,59.36190208994704,58.50262468280069,Gradient Boosting,10.87757844360057,11.158744546166929,-4.551902089947035,-3.692624682800691
281.34,240.73038568218135,240.7161660278504,242.59670666666668,255.7655437670403,Gradient Boosting,40.609614317818625,40.62383397214958,38.7432933333333,25.574456232959676
169.54,147.65708140975937,147.60293279416442,136.77310726190487,150.02266480152986,Gradient Boosting,21.88291859024062,21.937067205835575,32.76689273809512,19.517335198470136
82.07,112.44765335635816,112.18077697644478,71.80668965608466,81.45667489985814,Gradient Boosting,-30.377653356358167,-30.110776976444782,10.263310343915336,0.61332510014185
382.98,327.9816254649767,327.80893925007877,357.44239119047603,348.19273849586403,Gradient Boosting,54.998374535023345,55.17106074992125,25.537608809523988,34.787261504135984
43.37,25.480491117818218,25.325168429859417,44.74044443001442,47.97834728199194,Gradient Boosting,17.88950888218178,18.04483157014058,-1.3704444300144232,-4.608347281991939
173.74,184.13321293620794,184.1149643417333,178.26793215608458,175.47301230735818,Gradient Boosting,-10.39321293620793,-10.374964341733289,-4.5279321560845744,-1.733012307358166
211.23,187.84167079024334,187.87972181855903,181.41501842592592,189.78440283799173,Gradient Boosting,23.388329209756648,23.350278181440956,29.814981574074068,21.445597162008255
114.37,123.56276328753123,123.62315844364134,112.29577214285717,112.1351814837021,Gradient Boosting,-9.192763287531221,-9.25315844364134,2.07422785714283,2.2348185162979064
89.3,100.64041572712262,100.7507739629535,98.21607726800973,97.05064521160774,Gradient Boosting,-11.340415727122618,-11.450773962953505,-8.91607726800973,-7.750645211607747
196.72,226.78101848754633,226.81728668524983,213.31097880952393,214.451987936801,Gradient Boosting,-30.061018487546335,-30.097286685249827,-16.590978809523932,-17.731987936801005
128.18,108.99683492937612,109.1441426939906,122.35670845238091,118.2210176165148,Gradient Boosting,19.183165070623886,19.035857306009405,5.8232915476190925,9.958982383485207
289.96,251.02413665754273,251.22106274558126,252.41496876984132,264.7940539665893,Gradient Boosting,38.93586334245725,38.738937254418715,37.545031230158656,25.165946033410705
44.03,34.91859575755416,34.73060914545806,48.60385301587298,48.47015809227009,Gradient Boosting,9.111404242445843,9.29939085454194,-4.573853015872977,-4.440158092270089
60.63,69.49731316845775,69.41723620399648,67.0140398280423,69.21640810525795,Gradient Boosting,-8.867313168457748,-8.787236203996478,-6.384039828042297,-8.586408105257952
176.02,206.20611795829035,206.19306130730615,203.96011131794137,186.12340053766678,Gradient Boosting,-30.18611795829034,-30.173061307306142,-27.94011131794136,-10.103400537666772
93.01,99.91661132544529,100.13540594383988,112.2288528439154,107.38275387066926,Gradient Boosting,-6.906611325445283,-7.12540594383988,-19.2188528439154,-14.372753870669257
248.53,206.1994308980592,206.15908992198058,210.0984308730161,210.8652961115152,Gradient Boosting,42.330569101940796,42.37091007801942,38.4315691269839,37.66470388848481
223.0,280.4993053200725,280.40296698591794,261.2805926851853,261.3140640048902,Gradient Boosting,-57.499305320072494,-57.40296698591794,-38.2805926851853,-38.31406400489021
77.63,77.38065017969402,77.32944660388404,80.60360079365087,76.85535897411388,Gradient Boosting,0.24934982030598007,0.30055339611595855,-2.973600793650874,0.7746410258861118
362.82,288.3080951112042,288.1993244709699,295.69981206349223,316.42433924330766,Gradient Boosting,74.51190488879581,74.62067552903011,67.12018793650776,46.39566075669234
81.35,106.34294128712997,106.1784582138602,79.23203500000004,86.38335175362052,Gradient Boosting,-24.99294128712998,-24.828458213860202,2.1179649999999555,-5.033351753620522
198.32,192.19468871102652,192.53170740133103,195.6932066137568,194.76233875853254,Gradient Boosting,6.125311288973478,5.78829259866896,2.6267933862432074,3.557661241467457
212.91,219.08480793662733,219.12038340893344,228.37261169312188,228.08633438945327,Gradient Boosting,-6.174807936627332,-6.210383408933438,-15.462611693121886,-15.176334389453274
315.79,248.16064417327885,248.1285253113148,271.3526184788362,269.6885485633359,Gradient Boosting,67.62935582672117,67.66147468868522,44.43738152116384,46.10145143666409
48.08,37.10094653382224,36.95479451102918,52.17647949735444,50.53548774157903,Gradient Boosting,10.97905346617776,11.12520548897082,-4.096479497354444,-2.4554877415790344
118.67,125.2922335936657,125.3693287348051,120.90484284086278,129.8477163156017,Gradient Boosting,-6.6222335936656975,-6.699328734805093,-2.2348428408627825,-11.1777163156017
226.75,243.21718114609422,243.05767063476674,218.89694451058205,209.17850105696505,Gradient Boosting,-16.46718114609422,-16.307670634766737,7.8530554894179545,17.571498943034953
183.49,153.7264458758917,153.7077565502252,153.34277636243394,150.45185922074168,Gradient Boosting,29.76355412410831,29.782243449774796,30.14722363756607,33.03814077925833
167.71,188.06070034960194,188.01986365736937,185.06961913900923,182.6414597974991,Gradient Boosting,-20.350700349601937,-20.309863657369362,-17.359619139009226,-14.931459797499087
116.17,109.42335235421893,109.6413118258372,111.33678427248677,120.44843489332084,Gradient Boosting,6.746647645781067,6.528688174162795,4.833215727513235,-4.278434893320835
293.34,305.3860472763571,305.3383753023213,328.75143253968224,331.9330227177668,Gradient Boosting,-12.046047276357115,-11.998375302321335,-35.41143253968227,-38.593022717766814
46.16,12.23364776211065,12.150675107512626,50.66695187830687,43.53892070817035,Gradient Boosting,33.92635223788935,34.00932489248737,-4.506951878306872,2.621079291829645
292.84,238.46965605186298,238.24240375157012,242.7379610978836,242.42329834130288,Gradient Boosting,54.37034394813699,54.59759624842985,50.10203890211636,50.41670165869709
169.51,177.09103503472858,177.14246678566514,155.7668692328043,158.69938925703528,Gradient Boosting,-7.581035034728586,-7.6324667856651445,13.74313076719568,10.810610742964712
105.78,107.0634906963365,106.85588594157342,94.61650916666667,96.60269399160741,Gradient Boosting,-1.2834906963365,-1.0758859415734179,11.163490833333327,9.177306008392591
157.56,169.5987907967586,169.62270389975524,160.1286269973546,154.61955977462588,Gradient Boosting,-12.038790796758605,-12.062703899755235,-2.5686269973545848,2.940440225374118
208.35,198.21003941711692,198.26943556825495,198.26047167989427,203.1106153052305,Gradient Boosting,10.139960582883077,10.080564431745046,10.089528320105728,5.239384694769484
217.75,206.7690942541996,206.76123282375755,197.58395255531502,195.5017957766523,Gradient Boosting,10.980905745800413,10.988767176242447,20.166047444684978,22.2482042233477
168.09,209.79285300768464,209.66981782015884,192.8792470238095,191.91739457760994,Gradient Boosting,-41.70285300768464,-41.57981782015884,-24.78924702380951,-23.827394577609937
114.42,132.62620160514015,132.49278811851866,115.30990359788356,117.84618457407531,Gradient Boosting,-18.20620160514015,-18.07278811851866,-0.8899035978835599,-3.4261845740753074
125.21,116.39937637707854,116.43776461132543,115.67092203703702,113.8152012832323,Gradient Boosting,8.810623622921455,8.77223538867456,9.539077962962978,11.394798716767696
143.22,152.9684365894447,153.01688772970633,157.30717695767203,143.23465677109152,Gradient Boosting,-9.748436589444708,-9.796887729706327,-14.087176957672028,-0.014656771091523524
82.79,110.06991690106324,110.40143607648379,95.82617309523808,97.18948119167773,Gradient Boosting,-27.27991690106323,-27.611436076483784,-13.03617309523807,-14.399481191677722
170.79,180.6840212974794,180.8103862675148,181.62680324314576,183.048792885471,Gradient Boosting,-9.894021297479412,-10.020386267514795,-10.836803243145766,-12.258792885470996
382.98,329.56078481205304,329.27762469309744,366.059149986772,356.17772242755535,Gradient Boosting,53.419215187946975,53.70237530690258,16.920850013228005,26.802277572444666
140.65,144.58283295718155,144.55383519457283,141.3378757828282,136.47786738567692,Gradient Boosting,-3.932832957181546,-3.903835194572821,-0.6878757828282005,4.17213261432309
151.03,149.87350910699925,149.9644195120102,158.8242264550263,161.94481528006955,Gradient Boosting,1.1564908930007505,1.0655804879897914,-7.7942264550262905,-10.914815280069547
234.67,250.04781197450006,249.88667956262907,223.163209484127,230.90590057525142,Gradient Boosting,-15.377811974500077,-15.216679562629082,11.506790515872979,3.764099424748565
82.24,71.64358663655169,71.69833835095795,76.1122486063012,67.6682344608167,Gradient Boosting,10.596413363448306,10.541661649042041,6.1277513936988015,14.57176553918329
95.57,80.52636914990907,80.5988770933553,103.31588843610089,92.0489758889092,Gradient Boosting,15.04363085009092,14.971122906644695,-7.745888436100898,3.521024111090796
213.68,204.8624566881651,204.8803574629331,217.44722095238077,227.84874180361973,Gradient Boosting,8.817543311834896,8.799642537066916,-3.767220952380768,-14.168741803619724
265.43,236.06598267397854,236.0423160259167,251.75816050264558,252.71176468546938,Gradient Boosting,29.364017326021468,29.387683974083302,13.671839497354426,12.71823531453063
106.3,119.66955495704298,119.67409778006183,118.41984958633967,118.3134155617902,Gradient Boosting,-13.369554957042979,-13.374097780061831,-12.119849586339669,-12.013415561790197
93.52,116.899450248479,117.23887363554717,107.37527001322752,107.70491626013238,Gradient Boosting,-23.379450248479003,-23.71887363554717,-13.855270013227525,-14.184916260132383
81.02,78.7257596839218,78.77697695883391,80.50794445767198,78.73179639190388,Gradient Boosting,2.294240316078202,2.243023041166083,0.5120555423280138,2.2882036080961115
58.46,36.73786289121027,37.002736276749744,58.52791031746034,64.0513858919699,Gradient Boosting,21.72213710878973,21.457263723250257,-0.06791031746033838,-5.5913858919698995
282.77,296.9665942155102,296.7889473377759,293.4292143650794,300.22084786545634,Gradient Boosting,-14.196594215510231,-14.018947337775899,-10.659214365079436,-17.450847865456353
116.65,101.30490162701423,101.24467631893708,99.60926201058189,94.13992754099637,Gradient Boosting,15.345098372985774,15.405323681062924,17.04073798941812,22.510072459003638
92.27,100.10303989988245,100.09152369822576,94.18285857142853,95.09790166260368,Gradient Boosting,-7.833039899882451,-7.821523698225761,-1.9128585714285293,-2.8279016626036793
71.49,70.2353437447747,70.06269546253044,70.16581185064942,57.98810446597799,Gradient Boosting,1.2546562552252993,1.4273045374695528,1.3241881493505758,13.501895534022005
108.08,92.77306839431488,92.77028888962249,105.72393113756611,97.79941521224383,Gradient Boosting,15.306931605685122,15.309711110377506,2.3560688624338866,10.280584787756169
56.5,62.41723717749376,62.57885499646369,63.96486674603177,66.360761929586,Gradient Boosting,-5.91723717749376,-6.07885499646369,-7.464866746031767,-9.860761929586005
126.17,115.15431456045869,115.21820305920059,130.14209228354972,124.82315416036094,Gradient Boosting,11.015685439541315,10.951796940799412,-3.9720922835497134,1.3468458396390588
167.19,191.53146687118618,191.5614219175562,196.09183108946598,194.6043351778828,Gradient Boosting,-24.341466871186185,-24.371421917556205,-28.901831089465986,-27.414335177882805
65.14,97.25504876262009,96.92355391211167,73.62458916666665,76.60461537397221,Gradient Boosting,-32.11504876262009,-31.78355391211167,-8.484589166666652,-11.464615373972208
47.41,28.360184800596272,28.20849767195284,56.07675309523807,56.09108832488747,Gradient Boosting,19.049815199403724,19.201502328047155,-8.666753095238072,-8.681088324887476
112.91,122.43863512230715,122.50679615541785,122.04642363756614,113.8126927592816,Gradient Boosting,-9.52863512230715,-9.596796155417849,-9.13642363756614,-0.9026927592816065
262.57,233.88794657758683,234.08829789034678,234.67811265993242,249.35425671927254,Gradient Boosting,28.682053422413162,28.481702109653213,27.89188734006757,13.215743280727452
186.48,208.79123382776316,208.7979615931006,193.18886977994228,188.9859870353719,Gradient Boosting,-22.311233827763175,-22.31796159310062,-6.70886977994229,-2.505987035371902
97.39,83.77691395877837,83.68045461303942,83.971880489418,97.66121613610532,Gradient Boosting,13.613086041221635,13.709545386960585,13.418119510582002,-0.27121613610532336
58.51,39.10301671583757,39.392380571151904,68.50697087301592,50.59222573415614,Gradient Boosting,19.40698328416243,19.117619428848094,-9.996970873015918,7.91777426584386
63.72,34.8687564236229,35.0983735290516,65.58742657407406,62.35175459139472,Gradient Boosting,28.8512435763771,28.6216264709484,-1.8674265740740594,1.3682454086052758
285.7,272.12032540572477,271.9902164232634,292.2319103306875,296.2934875500944,Gradient Boosting,13.579674594275218,13.709783576736584,-6.531910330687538,-10.593487550094437
112.04,128.65976818461485,128.6498936447047,101.35067392857142,112.42408343804327,Gradient Boosting,-16.61976818461484,-16.609893644704684,10.689326071428582,-0.3840834380432625
167.98,185.32358102408926,185.3160128117126,163.75822559523814,163.90732792354882,Gradient Boosting,-17.343581024089275,-17.336012811712607,4.221774404761845,4.07267207645117
172.78,188.08073441995248,188.06559991309274,191.81906170634926,180.0230298073599,Gradient Boosting,-15.300734419952477,-15.285599913092739,-19.03906170634926,-7.243029807359903
341.81,333.85189922982045,333.6745545189061,369.65927355820065,360.57717389754924,Gradient Boosting,7.958100770179556,8.135445481093882,-27.84927355820065,-18.76717389754924
193.21,208.0062975792397,208.1715611099238,201.05402303631547,212.60457162669093,Gradient Boosting,-14.796297579239706,-14.961561109923792,-7.844023036315463,-19.39457162669092
213.01,201.79310648268432,201.78121772368615,212.84356925324664,203.22580032472365,Gradient Boosting,11.216893517315668,11.228782276313837,0.166430746753349,9.78419967527634
61.14,66.72386359197749,66.9751412347066,68.62914249999997,69.19021236636634,Gradient Boosting,-5.58386359197749,-5.835141234706597,-7.489142499999971,-8.050212366366338
146.5,133.15619268722673,133.3021788704271,138.57182498677255,150.33695862021128,Gradient Boosting,13.343807312773265,13.197821129572901,7.928175013227445,-3.836958620211277
142.94,133.3182700004057,133.33732348429942,144.08212343915335,132.9969973683226,Gradient Boosting,9.621729999594294,9.60267651570058,-1.1421234391533517,9.943002631677388
262.2,221.68404993213608,222.04152801540113,203.50945810846574,214.28483873320417,Gradient Boosting,40.51595006786391,40.15847198459886,58.69054189153425,47.91516126679582
205.02,246.171607804541,246.0949585360018,223.21195620370364,224.64991960135316,Gradient Boosting,-41.15160780454099,-41.07495853600179,-18.191956203703626,-19.62991960135315
124.87,118.7737100488946,118.79368717149703,124.67598440476189,109.35287004922444,Gradient Boosting,6.096289951105405,6.076312828502978,0.1940155952381133,15.51712995077557
76.7,73.30621261836082,73.17895314018931,76.45434966931214,76.65072700196068,Gradient Boosting,3.3937873816391857,3.5210468598106957,0.2456503306878659,0.04927299803932783
382.98,343.52637939725236,343.17699066791187,368.5280820502641,370.09299008754874,Gradient Boosting,39.45362060274766,39.80300933208815,14.4519179497359,12.887009912451276
274.61,226.2423415117046,226.39813890215453,242.1340349350649,239.79059770296774,Gradient Boosting,48.367658488295405,48.211861097845485,32.47596506493511,34.81940229703227
259.07,245.78552641377993,245.74800778298413,234.95539585978835,236.52364594708578,Gradient Boosting,13.28447358622006,13.321992217015861,24.11460414021164,22.54635405291421
140.38,149.50156599841426,149.70923643197588,144.75121770923525,153.07212824215904,Gradient Boosting,-9.121565998414269,-9.329236431975886,-4.371217709235253,-12.692128242159043
112.5,160.7759832800341,160.94844857932202,142.03075071428563,142.4690827813517,Gradient Boosting,-48.2759832800341,-48.44844857932202,-29.53075071428563,-29.969082781351688
62.6,42.88644498442545,42.781826708909804,66.33696064814814,56.43311885816238,Gradient Boosting,19.71355501557455,19.818173291090197,-3.736960648148134,6.166881141837621
72.81,88.39901830059597,88.35232747858184,77.4040171957673,82.64336369386221,Gradient Boosting,-15.589018300595967,-15.54232747858184,-4.594017195767293,-9.83336369386221
109.19,114.56790966670869,114.58927538916905,124.10593742063487,108.62465028382823,Gradient Boosting,-5.377909666708689,-5.399275389169048,-14.915937420634876,0.5653497161717667
131.85,150.62070885375724,150.70580958243755,152.2047572619047,149.20717400271363,Gradient Boosting,-18.77070885375724,-18.85580958243756,-20.354757261904695,-17.357174002713634
177.92,181.8507955875035,181.77335349062477,177.4161630952381,176.1822608315817,Gradient Boosting,-3.9307955875035248,-3.8533534906247837,0.5038369047618971,1.737739168418301
157.73,186.8286822986233,186.8765687577715,181.27059767195757,177.66954351916257,Gradient Boosting,-29.098682298623316,-29.14656875777152,-23.540597671957585,-19.939543519162584
147.41,157.32989177704957,157.41762228586745,136.57231851130348,141.70072481470652,Gradient Boosting,-9.919891777049571,-10.007622285867456,10.837681488696518,5.709275185293478
77.19,65.09518515161867,65.48775723759465,74.26511253968258,72.38284394382464,Gradient Boosting,12.094814848381333,11.702242762405348,2.9248874603174215,4.807156056175359
171.24,159.56829978381722,159.6546330975092,162.32231345238094,170.3463370297813,Gradient Boosting,11.671700216182785,11.585366902490819,8.91768654761907,0.8936629702187133
309.22,240.93943760694583,240.94786541552568,267.1340653571431,258.1210418487798,Gradient Boosting,68.2805623930542,68.27213458447434,42.085934642856955,51.098958151220245
301.66,276.3163097904487,276.15495586909253,293.87603701058214,292.0170977776497,Gradient Boosting,25.343690209551312,25.505044130907493,7.783962989417887,9.642902222350301
92.03,116.7914298374013,116.69877448834673,102.92157224386726,104.6690042797446,Gradient Boosting,-24.761429837401295,-24.668774488346727,-10.891572243867259,-12.639004279744597
73.0,94.55367057162327,94.6192127540441,77.75525880952385,77.29958996527641,Gradient Boosting,-21.55367057162327,-21.6192127540441,-4.755258809523852,-4.299589965276411
293.17,263.848659916824,263.84753003210193,280.51912514790746,272.4034269718553,Gradient Boosting,29.32134008317604,29.322469967898087,12.650874852092556,20.766573028144705
345.13,267.589981853484,267.44622207911226,276.1034791762866,282.60317812543735,Gradient Boosting,77.54001814651599,77.68377792088774,69.02652082371338,62.52682187456264
57.19,44.83024788233091,44.64653672643517,54.69608845238095,56.764576638952896,Gradient Boosting,12.359752117669089,12.543463273564825,2.4939115476190494,0.4254233610471019
161.36,174.7363480872971,174.79303303604564,164.5868335052909,167.09961606320658,Gradient Boosting,-13.376348087297089,-13.433033036045629,-3.226833505290898,-5.739616063206569
197.98,268.3083784798357,268.1440175545206,230.2059305687831,244.6897753780562,Gradient Boosting,-70.32837847983572,-70.1640175545206,-32.2259305687831,-46.70977537805621
205.23,244.53369464872102,244.41189555672327,223.89598674603167,232.2392753312849,Gradient Boosting,-39.303694648721034,-39.181895556723276,-18.665986746031678,-27.009275331284897
203.23,208.7157147927606,208.86167715533338,188.98264247114,197.09901593517498,Gradient Boosting,-5.485714792760604,-5.631677155333392,14.247357528859993,6.1309840648250145
91.48,80.03938767106924,80.03824946211867,86.18938466570471,84.04468770048344,Gradient Boosting,11.440612328930769,11.441750537881333,5.290615334295296,7.435312299516568
137.01,122.48653453821004,122.54267316030266,125.18353155844153,124.39944029614297,Gradient Boosting,14.523465461789954,14.467326839697336,11.826468441558461,12.610559703857021
187.2,180.19973449633108,180.1348460920634,174.87921412698415,167.65467542326274,Gradient Boosting,7.000265503668913,7.065153907936576,12.320785873015836,19.545324576737244
291.14,265.9701013689763,265.83434101281705,251.08438989778728,257.8639525843905,Gradient Boosting,25.16989863102367,25.305658987182937,40.05561010221271,33.27604741560947
291.21,276.07264710748314,275.94962847777197,306.22965649470893,306.2751973654396,Gradient Boosting,15.137352892516844,15.260371522228013,-15.019656494708954,-15.065197365439644
191.79,196.49295262176776,196.4565355580334,178.41746738095227,189.58414899171436,Gradient Boosting,-4.702952621767764,-4.6665355580334165,13.372532619047718,2.2058510082856344
220.09,194.25947359602196,194.29252368203151,178.9317332804232,177.3705471118009,Gradient Boosting,25.83052640397804,25.79747631796849,41.1582667195768,42.7194528881991
83.3,116.76709121813266,116.56420309572567,92.4582466666667,89.38909561661438,Gradient Boosting,-33.467091218132666,-33.26420309572568,-9.158246666666699,-6.089095616614387
159.89,160.62562691560365,160.64950630818353,175.78009272486779,161.00833127008622,Gradient Boosting,-0.7356269156036603,-0.7595063081835463,-15.890092724867799,-1.1183312700862302
162.59,154.88222742537226,154.87475992583933,162.00897240740753,158.00022320511925,Gradient Boosting,7.7077725746277395,7.7152400741606755,0.581027592592477,4.589776794880748
88.77,96.59139054390734,96.7456082127744,92.2587368253968,94.54397996431054,Gradient Boosting,-7.8213905439073415,-7.975608212774404,-3.488736825396799,-5.773979964310541
94.19,113.79717998872802,113.74817743448817,83.26287712962964,91.41514486461607,Gradient Boosting,-19.60717998872802,-19.558177434488172,10.927122870370354,2.7748551353839304
127.84,196.21905355316395,196.14962135111634,176.71924776094278,172.6029099045632,Gradient Boosting,-68.37905355316394,-68.30962135111633,-48.879247760942775,-44.7629099045632
283.92,248.76780034538683,248.86016370130056,257.4809041666666,264.4307840046585,Gradient Boosting,35.152199654613185,35.05983629869945,26.439095833333397,19.48921599534151
160.24,156.87494531115442,156.84835924163087,149.47962115079375,138.26906892828677,Gradient Boosting,3.3650546888455892,3.3916407583691353,10.760378849206262,21.97093107171324
273.35,278.0297924749656,277.9082024865269,281.9655293650793,279.7618747315421,Gradient Boosting,-4.679792474965552,-4.558202486526852,-8.615529365079283,-6.4118747315420705
214.57,224.82130743168597,224.87489727312249,207.9013455555556,213.8395321354089,Gradient Boosting,-10.251307431685973,-10.304897273122492,6.6686544444444,0.7304678645911054
46.54,15.01733368186774,14.716724926464792,45.947970790043264,39.957856947879236,Gradient Boosting,31.52266631813226,31.823275073535207,0.5920292099567348,6.582143052120763
248.11,199.39031646533746,199.45404230677076,218.95840071428597,212.21004655681335,Gradient Boosting,48.71968353466255,48.655957693229254,29.151599285714042,35.89995344318666
163.42,168.92946755780446,168.82710409687562,158.68226150793654,164.2950488397499,Gradient Boosting,-5.50946755780447,-5.407104096875628,4.737738492063443,-0.8750488397499225
207.62,259.475707517916,259.4062542593586,265.2086927248678,247.1051743233528,Gradient Boosting,-51.85570751791602,-51.7862542593586,-57.58869272486777,-39.485174323352794
225.83,220.55029217564692,220.59975968518802,232.53850701058207,234.26564210258206,Gradient Boosting,5.279707824353096,5.230240314811994,-6.7085070105820535,-8.435642102582051
136.68,126.97181587260506,126.92126014061533,123.39968916666668,122.41833404952934,Gradient Boosting,9.708184127394944,9.758739859384676,13.280310833333331,14.261665950470672
129.27,145.00288838495288,145.10051726548008,165.09168361111116,159.9706377409915,Gradient Boosting,-15.732888384952872,-15.830517265480069,-35.821683611111155,-30.700637740991482
125.46,115.25492679066473,115.27169640088599,113.04191662698415,122.09549816885539,Gradient Boosting,10.205073209335268,10.188303599114008,12.418083373015847,3.364501831144608
129.56,110.6556764760814,110.74136254960034,121.97362353174599,114.5481060521468,Gradient Boosting,18.904323523918606,18.818637450399663,7.5863764682540165,15.011893947853196
246.7,261.42809536233466,261.2258650216469,264.1195403968253,253.21328390986443,Gradient Boosting,-14.72809536233467,-14.525865021646894,-17.41954039682531,-6.513283909864441
130.82,137.89913853895584,137.88048565603157,134.96209539682533,144.869776287777,Gradient Boosting,-7.079138538955846,-7.060485656031574,-4.14209539682534,-14.049776287777007
154.56,158.955002128181,158.95132883164555,154.58077096801347,164.67301743675733,Gradient Boosting,-4.395002128181005,-4.391328831645552,-0.020770968013465563,-10.113017436757332
130.22,126.89916711573078,126.81720857247572,122.06134660052916,123.22972006807636,Gradient Boosting,3.3208328842692225,3.402791427524278,8.158653399470836,6.990279931923638
255.12,227.1972430381118,227.2128870223359,233.10497646825414,232.11302413033633,Gradient Boosting,27.92275696188821,27.9071129776641,22.015023531745868,23.006975869663677
353.14,295.6604729046922,295.54443268385967,324.2865708730155,331.4322716690047,Gradient Boosting,57.47952709530779,57.59556731614032,28.85342912698451,21.70772833099528
70.87,43.326226483089386,43.32443793168002,73.88631529100533,74.431120404044,Gradient Boosting,27.54377351691062,27.54556206831998,-3.016315291005327,-3.56112040404399
232.62,199.4816821304504,199.6347734344479,201.42825722462726,208.99182804226942,Gradient Boosting,33.13831786954961,32.9852265655521,31.191742775372745,23.628171957730586
215.95,225.4606480716724,225.4850156541546,232.99954689153446,218.8603203554375,Gradient Boosting,-9.51064807167242,-9.53501565415462,-17.049546891534476,-2.9103203554375057
161.72,228.6619849808648,228.58689729013747,207.14125169312172,213.08376225644457,Gradient Boosting,-66.94198498086479,-66.86689729013747,-45.42125169312172,-51.36376225644457
382.98,341.41746486179056,341.210319454259,356.7790991931212,364.0817775175693,Gradient Boosting,41.562535138209455,41.76968054574104,26.200900806878792,18.898222482430697
176.45,175.2101328200398,175.31778428493058,193.57656817460312,189.62677973385053,Gradient Boosting,1.2398671799601857,1.1322157150694068,-17.126568174603136,-13.176779733850537
243.63,220.27601301883243,220.23288015132374,246.46914892857137,234.98605248807766,Gradient Boosting,23.353986981167566,23.397119848676255,-2.839148928571376,8.643947511922335
228.45,223.15009738604132,223.23071424195828,227.63550444444442,234.13843550321982,Gradient Boosting,5.299902613958665,5.219285758041707,0.8144955555555669,-5.688435503219836
69.18,79.04946150443756,79.10210753368386,77.39912855820108,79.98005033637017,Gradient Boosting,-9.869461504437552,-9.922107533683857,-8.219128558201078,-10.800050336370163
152.22,174.292043147365,174.2641470398441,166.74096039682524,169.7892342080152,Gradient Boosting,-22.072043147365008,-22.04414703984409,-14.520960396825245,-17.56923420801519
102.37,110.63847772578663,110.8504157977051,103.74413060846561,110.46100113008697,Gradient Boosting,-8.268477725786624,-8.480415797705092,-1.374130608465606,-8.091001130086966
72.75,96.83687203844256,96.60957696613579,82.67053977513233,88.37268508453694,Gradient Boosting,-24.086872038442564,-23.85957696613579,-9.920539775132326,-15.62268508453694
167.85,145.49908857935858,145.7681170990732,141.9852843650793,143.61139281625125,Gradient Boosting,22.35091142064141,22.081882900926786,25.864715634920685,24.23860718374874
84.5,85.2248989179617,85.31394578934805,104.23742222222215,101.39733510654125,Gradient Boosting,-0.7248989179616956,-0.813945789348054,-19.73742222222215,-16.89733510654125
67.57,69.88343334906976,69.74475423410274,61.48501595238094,61.825558417027565,Gradient Boosting,-2.3134333490697685,-2.1747542341027497,6.084984047619052,5.744441582972428
312.43,227.38043869014874,227.4428008365828,247.41764063492073,232.97029391545308,Gradient Boosting,85.04956130985127,84.98719916341722,65.01235936507928,79.45970608454692
76.61,70.40641166986164,70.26553351349743,75.60490769841272,62.47507259231098,Gradient Boosting,6.203588330138359,6.344466486502569,1.0050923015872826,14.13492740768902
163.25,213.20294674233406,213.2102574884911,183.63693724867724,185.85189938553674,Gradient Boosting,-49.95294674233406,-49.960257488491095,-20.386937248677242,-22.60189938553674
109.83,110.99824645531318,110.82417683281689,95.0050268795094,102.54344838712008,Gradient Boosting,-1.1682464553131808,-0.9941768328168905,14.824973120490597,7.286551612879919
250.06,243.83623554110414,243.84400271318577,248.9212038624339,258.8915195211701,Gradient Boosting,6.223764458895857,6.215997286814229,1.1387961375660893,-8.831519521170094
321.3,315.81024505147934,315.59504700248954,341.0870024326599,340.78071556221545,Gradient Boosting,5.48975494852067,5.704952997510475,-19.787002432659904,-19.480715562215437
155.14,164.493038869938,164.47504483332682,157.31717999278501,167.31875091096504,Gradient Boosting,-9.353038869938018,-9.335044833326833,-2.177179992785028,-12.17875091096505
161.58,186.6758004123738,186.62236201178436,193.524398968254,172.5567336831589,Gradient Boosting,-25.09580041237379,-25.04236201178435,-31.944398968253978,-10.976733683158898
61.32,75.8519305718239,75.5784470228191,64.5362572895623,70.8014052629791,Gradient Boosting,-14.5319305718239,-14.258447022819105,-3.2162572895623,-9.481405262979102
296.73,270.2561683467512,270.2460850484949,320.36716384920646,301.35895302964514,Gradient Boosting,26.473831653248794,26.48391495150514,-23.637163849206445,-4.628953029645118
41.44,11.618016122055053,11.628481540272332,49.59915368085618,42.12896660798422,Gradient Boosting,29.821983877944945,29.811518459727665,-8.159153680856186,-0.68896660798422
189.57,190.66640367705787,190.6157567238849,224.4187498412699,196.1253860951307,Gradient Boosting,-1.0964036770578787,-1.0457567238849208,-34.84874984126989,-6.5553860951307
68.73,57.96115353595799,57.91917614385922,59.974909074074056,55.11545104250067,Gradient Boosting,10.768846464042014,10.810823856140786,8.755090925925948,13.61454895749933
253.44,255.3120849194844,255.25977524794638,261.3265305026456,232.8127360002429,Gradient Boosting,-1.8720849194843936,-1.8197752479463816,-7.8865305026455985,20.627263999757105
183.9,204.89027871732108,204.92649099232437,217.32643599206338,215.9026885784048,Gradient Boosting,-20.990278717321075,-21.02649099232437,-33.426435992063375,-32.002688578404786
81.06,71.46815957070325,71.43689073421056,78.77073436507925,74.40048644631561,Gradient Boosting,9.591840429296752,9.623109265789438,2.2892656349207527,6.659513553684391
132.24,148.7663777462798,148.7360969911071,130.08823149470905,129.35405464183074,Gradient Boosting,-16.526377746279792,-16.496096991107095,2.15176850529096,2.8859453581692662
243.62,248.07835341082574,248.01563204215978,254.10568380952395,264.7907777360004,Gradient Boosting,-4.458353410825737,-4.395632042159775,-10.485683809523948,-21.17077773600039
151.78,137.53845786047816,137.73249536630678,132.8642408068784,133.82972314062314,Gradient Boosting,14.24154213952184,14.047504633693222,18.915759193121602,17.950276859376856
352.52,311.6969398849925,311.5378110864565,327.6846472486773,342.6535319337465,Gradient Boosting,40.82306011500748,40.982188913543496,24.83535275132266,9.866468066253503
142.83,149.62763925173672,149.71192850373026,150.304544510582,159.4103246478189,Gradient Boosting,-6.797639251736712,-6.881928503730251,-7.474544510581978,-16.580324647818884
227.77,186.6452331610566,186.82539200670922,185.50345710317438,199.7420113408036,Gradient Boosting,41.1247668389434,40.94460799329079,42.26654289682563,28.02798865919641
169.72,190.13836702572954,190.2974612941724,179.90166809523816,185.3539981092205,Gradient Boosting,-20.418367025729538,-20.577461294172394,-10.181668095238166,-15.6339981092205
107.71,108.58263669127281,108.66728428629966,119.58817198412699,116.9081729053215,Gradient Boosting,-0.8726366912728167,-0.957284286299668,-11.878171984126993,-9.198172905321513
132.32,139.55643748120212,139.5527664947614,148.2320676455026,133.7547687087937,Gradient Boosting,-7.236437481202131,-7.232766494761421,-15.912067645502617,-1.4347687087937118
191.16,222.82905926371558,223.12768270247247,179.31267873376626,199.19008673008622,Gradient Boosting,-31.66905926371558,-31.967682702472473,11.847321266233735,-8.030086730086225
111.24,97.66755816500083,97.91938791545864,100.28216842592593,100.60987663453072,Gradient Boosting,13.572441834999168,13.320612084541352,10.957831574074063,10.630123365469274
202.98,193.92690176831155,193.91845543427627,199.69091365079362,202.8719965485359,Gradient Boosting,9.053098231688438,9.061544565723722,3.2890863492063716,0.10800345146409995
225.76,184.8717936706646,184.90204027279322,194.62124501322762,189.1875524012197,Gradient Boosting,40.88820632933539,40.857959727206776,31.13875498677237,36.572447598780286
284.2,253.68301920912188,253.81028364232148,254.41357353174584,246.29276425468925,Gradient Boosting,30.516980790878108,30.38971635767851,29.78642646825415,37.90723574531074
194.76,195.80110897618346,195.93165341548575,209.11292191697194,208.11020866389308,Gradient Boosting,-1.041108976183466,-1.171653415485764,-14.352921916971951,-13.350208663893085
66.45,86.4449948561631,86.3705010898203,82.1132215608466,87.43005840348694,Gradient Boosting,-19.994994856163103,-19.92050108982029,-15.663221560846594,-20.980058403486936
179.87,197.54502500548605,197.49180111344052,176.0573462962963,180.84251562203386,Gradient Boosting,-17.67502500548605,-17.62180111344051,3.8126537037037167,-0.9725156220338533
168.27,192.2479798751566,192.13136715878113,166.70389093915333,155.72170450482076,Gradient Boosting,-23.977979875156592,-23.86136715878112,1.566109060846685,12.548295495179246
227.06,248.94191784357372,248.84470484631814,242.95621515873006,238.74375693339204,Gradient Boosting,-21.881917843573717,-21.784704846318135,-15.896215158730058,-11.683756933392033
82.41,77.63245367735057,77.55917612238692,82.92867205026461,81.698810925517,Gradient Boosting,4.777546322649428,4.850823877613081,-0.5186720502646125,0.7111890744830021
133.74,163.23533686309204,163.34681969321787,152.0123168121693,150.90090869054544,Gradient Boosting,-29.495336863092035,-29.606819693217858,-18.272316812169294,-17.160908690545426
182.76,187.94047484813333,187.88020335954752,188.42432730158714,191.01364369932372,Gradient Boosting,-5.180474848133343,-5.120203359547531,-5.66432730158715,-8.253643699323732
154.28,171.5996308028213,171.6311639528914,155.23796316137566,153.1451911772119,Gradient Boosting,-17.319630802821308,-17.351163952891397,-0.957963161375659,1.1348088227881021
101.66,89.06455986762312,89.0015823883413,106.6412305423281,96.71144018987367,Gradient Boosting,12.59544013237688,12.658417611658692,-4.981230542328106,4.948559810126326
85.77,96.04127384639587,96.24468638209498,95.77246222222222,101.86326333446,Gradient Boosting,-10.271273846395871,-10.474686382094987,-10.00246222222222,-16.093263334460005
93.69,83.35583736967409,83.28891094558978,87.46323732804228,95.24656687870366,Gradient Boosting,10.334162630325906,10.401089054410221,6.226762671957715,-1.5565668787036628
289.71,281.51824394778623,281.4751059369595,300.40770369047624,321.4687838075321,Gradient Boosting,8.191756052213748,8.234894063040485,-10.69770369047626,-31.758783807532097
206.19,198.45025432855118,198.54999967998194,204.6277179761904,193.68520465641237,Gradient Boosting,7.739745671448816,7.640000320018061,1.562282023809587,12.504795343587631
97.52,84.88586120227951,85.10388905476871,100.50750141534395,93.79065750467531,Gradient Boosting,12.634138797720482,12.416110945231281,-2.9875014153439565,3.729342495324687
158.39,172.11189904786153,172.08786335976387,157.53872145502646,157.60523797259057,Gradient Boosting,-13.721899047861541,-13.697863359763886,0.8512785449735247,0.784762027409414
83.06,84.42454046089438,84.75057588919172,75.55266965608459,81.84819922060731,Gradient Boosting,-1.364540460894375,-1.6905758891917202,7.507330343915413,1.2118007793926893
113.63,112.9651383741012,113.0250508145262,116.09836592592598,118.8095821295189,Gradient Boosting,0.6648616258987943,0.6049491854737994,-2.46836592592598,-5.179582129518906
141.25,130.4266736103008,130.466754302159,125.22760674603174,124.17958303264797,Gradient Boosting,10.82332638969919,10.78324569784101,16.02239325396826,17.07041696735203
280.38,280.48506597183297,280.3500497256599,264.4883890440116,249.4945210017921,Gradient Boosting,-0.10506597183297117,0.029950274340080796,15.89161095598837,30.8854789982079
129.51,121.62941580428654,121.75129595050527,127.84360945767187,115.34496683076406,Gradient Boosting,7.880584195713453,7.758704049494725,1.6663905423281165,14.165033169235926
51.52,27.345849819567462,27.76223989399324,49.863202817460305,41.19074009292536,Gradient Boosting,24.17415018043254,23.757760106006764,1.656797182539698,10.329259907074643
133.64,201.38994510366769,201.42740376392257,214.25266305555567,188.22446464143053,Gradient Boosting,-67.7499451036677,-67.78740376392258,-80.61266305555569,-54.58446464143054
85.79,87.44751113837184,87.44540679445876,107.66370983821743,93.8224848197126,Gradient Boosting,-1.6575111383718308,-1.6554067944587558,-21.873709838217422,-8.032484819712593
251.32,304.1747092805166,303.8870358561506,299.4961178030302,292.32723369261913,Gradient Boosting,-52.8547092805166,-52.567035856150596,-48.176117803030195,-41.00723369261914
101.99,109.18240796973367,109.11700487764352,101.30542273809522,105.77510745820972,Gradient Boosting,-7.192407969733679,-7.127004877643529,0.6845772619047779,-3.7851074582097226
66.79,52.72121558444272,52.63263560446481,58.11241824074076,73.53960847474701,Gradient Boosting,14.068784415557289,14.157364395535197,8.677581759259247,-6.749608474747006
139.28,170.56924535388995,170.5975327477234,146.90384395502647,151.17610460728352,Gradient Boosting,-31.289245353889953,-31.31753274772339,-7.623843955026473,-11.896104607283519
94.82,106.82614758805704,106.76779625345482,101.1059993253969,102.89314178870062,Gradient Boosting,-12.006147588057047,-11.947796253454825,-6.285999325396901,-8.073141788700624
69.7,64.85849236905663,64.74400135802084,65.40999925925925,73.57204519131595,Gradient Boosting,4.841507630943369,4.955998641979164,4.290000740740751,-3.872045191315948
350.94,322.2142658877779,322.0851484427193,352.2166070238092,353.43977135747264,Gradient Boosting,28.725734112222085,28.85485155728071,-1.2766070238092198,-2.499771357472639
114.75,118.8791066445646,118.84487285031776,130.5962845899471,125.47479956742548,Gradient Boosting,-4.129106644564601,-4.094872850317756,-15.84628458994709,-10.724799567425478
57.49,52.58708121931771,52.57909189514936,58.82786593915342,56.04646247663493,Gradient Boosting,4.902918780682292,4.910908104850641,-1.3378659391534171,1.4435375233650731
114.41,114.07024499481471,114.0123000340844,117.09364564213574,112.38326423597785,Gradient Boosting,0.3397550051852818,0.3976999659155922,-2.683645642135744,2.026735764022149
154.1,181.29968773214551,181.61259498717837,179.17381990740745,185.55507042266447,Gradient Boosting,-27.19968773214552,-27.512594987178375,-25.073819907407454,-31.455070422664477
169.44,177.91975620491863,177.9873946191865,191.58929796176034,172.4288553442997,Gradient Boosting,-8.47975620491863,-8.547394619186491,-22.14929796176034,-2.988855344299708
128.72,138.6426250547213,139.0354478755272,137.06960826719575,138.25289047258906,Gradient Boosting,-9.922625054721294,-10.315447875527212,-8.349608267195748,-9.53289047258906
219.02,252.19074284321417,252.12369905607096,251.4120652946126,227.84275634343706,Gradient Boosting,-33.17074284321416,-33.10369905607095,-32.39206529461259,-8.82275634343705
77.8,100.10500339008986,100.3619957579879,81.93060902116402,81.27151268506262,Gradient Boosting,-22.305003390089865,-22.5619957579879,-4.13060902116402,-3.4715126850626206
163.62,186.52419923141213,186.5873718310705,157.12276873015873,179.0480842986576,Gradient Boosting,-22.90419923141212,-22.967371831070494,6.497231269841279,-15.428084298657609
198.58,191.933684452001,191.9779319548643,189.26077936507943,183.50126647746157,Gradient Boosting,6.6463155479990235,6.602068045135724,9.319220634920583,15.078733522538442
136.92,136.37573566534792,136.46028980355254,133.96968662698424,133.95537229547182,Gradient Boosting,0.5442643346520697,0.45971019644744615,2.950313373015746,2.9646277045281693
165.01,191.54764013798538,191.6630073625076,188.07450261904768,185.54861565587856,Gradient Boosting,-26.53764013798539,-26.653007362507623,-23.064502619047687,-20.538615655878573
162.39,248.4936767412741,248.4416637055834,228.5268896031746,219.32090950752936,Gradient Boosting,-86.10367674127411,-86.05166370558342,-66.13688960317461,-56.93090950752938
152.43,178.47864196908478,178.40280183585003,147.543272994228,157.35054519895382,Gradient Boosting,-26.04864196908477,-25.97280183585002,4.886727005772002,-4.920545198953818
146.94,156.1843638039835,156.16309095130362,160.97973789682536,146.47141237868357,Gradient Boosting,-9.244363803983504,-9.223090951303618,-14.039737896825358,0.4685876213164306
147.99,155.15160370380846,155.30498635506223,154.18374134920637,157.96528214909534,Gradient Boosting,-7.161603703808453,-7.314986355062217,-6.193741349206363,-9.975282149095335
361.7,263.10769479234375,263.02728167086326,282.1124585714286,288.58134899040186,Gradient Boosting,98.59230520765624,98.67271832913673,79.5875414285714,73.11865100959812
144.43,135.47586320970075,135.46496603844804,127.1663435497835,142.40801674237227,Gradient Boosting,8.954136790299259,8.965033961551967,17.2636564502165,2.0219832576277383
285.02,296.72535646634134,296.63318416488295,302.51443818061557,296.8146734524487,Gradient Boosting,-11.705356466341357,-11.613184164882966,-17.49443818061559,-11.794673452448706
52.23,32.680354046894536,32.78389602212431,55.51548839225584,47.10634079199946,Gradient Boosting,19.54964595310546,19.446103977875687,-3.285488392255843,5.123659208000539
125.6,135.61903646071173,135.61041885488768,117.24209003968254,120.45529339140685,Gradient Boosting,-10.019036460711732,-10.01041885488769,8.357909960317457,5.14470660859314
133.22,154.47971431849317,154.4831903467814,148.8150656613757,146.91540865131657,Gradient Boosting,-21.259714318493167,-21.263190346781414,-15.595065661375713,-13.69540865131657
31.17,15.669390385141952,15.39624468069286,35.37467916666668,28.905831796368126,Gradient Boosting,15.50060961485805,15.773755319307142,-4.204679166666679,2.2641682036318755
112.21,101.7001010667843,101.8282686061454,110.22861527777773,108.33795119909205,Gradient Boosting,10.509898933215695,10.381731393854594,1.9813847222222591,3.8720488009079475
144.72,165.2400635891357,165.28041251879475,142.17818551587285,140.0814453650813,Gradient Boosting,-20.520063589135702,-20.56041251879475,2.541814484127144,4.638554634918705
73.57,84.75635288966211,84.94676084919102,73.0973880291006,68.23997138864357,Gradient Boosting,-11.186352889662118,-11.37676084919103,0.47261197089939344,5.3300286113564255
126.73,129.3196599724531,129.45190385206723,135.85237063492073,133.95479895111723,Gradient Boosting,-2.5896599724531058,-2.7219038520672285,-9.122370634920728,-7.224798951117222
234.49,220.3969860357809,220.3886534135354,227.6809116798943,228.87919151738902,Gradient Boosting,14.093013964219097,14.101346586464615,6.809088320105701,5.610808482610992
341.53,317.4972450627371,317.2358319994511,305.43581776334804,308.968388982463,Gradient Boosting,24.032754937262894,24.294168000548893,36.09418223665193,32.56161101753696
101.22,105.98774220837782,105.94710518013085,118.62403583333332,113.15457522959714,Gradient Boosting,-4.767742208377825,-4.727105180130849,-17.404035833333324,-11.934575229597144
136.8,172.87772370850487,173.0992934398905,152.5621818722944,148.52082871938816,Gradient Boosting,-36.07772370850486,-36.29929343989048,-15.762181872294377,-11.720828719388152
172.57,178.88851292511333,178.97089099200892,179.58624108465614,189.5609270728236,Gradient Boosting,-6.318512925113339,-6.400890992008925,-7.016241084656144,-16.99092707282361
160.52,158.96900398840762,158.96261727124985,163.8444082070707,163.00206175764367,Gradient Boosting,1.5509960115923889,1.5573827287501558,-3.3244082070706895,-2.482061757643663
196.16,222.20154773546122,222.11025638605867,187.4498237566137,186.66294625567815,Gradient Boosting,-26.041547735461222,-25.95025638605867,8.710176243386286,9.497053744321846
160.66,131.32836279476402,131.4301992863241,145.79134927248685,147.25519042031144,Gradient Boosting,29.331637205235978,29.2298007136759,14.868650727513142,13.40480957968856
208.52,213.37868998799925,213.40132195656514,217.3315267063492,210.5596276158485,Gradient Boosting,-4.858689987999242,-4.881321956565131,-8.811526706349184,-2.0396276158485023
87.71,85.86485502878953,86.41832518890267,101.16921308201063,95.36266886792667,Gradient Boosting,1.845144971210459,1.291674811097323,-13.459213082010635,-7.652668867926678
87.29,72.78433382577822,72.78424587640525,92.51622098244344,90.47090017524984,Gradient Boosting,14.505666174221787,14.505754123594755,-5.2262209824434365,-3.180900175249832
34.79,40.62795156073932,40.52571536800225,46.00441891534391,46.77905075220434,Gradient Boosting,-5.83795156073932,-5.7357153680022535,-11.214418915343913,-11.989050752204342
362.21,281.9698669323941,281.74051673978965,295.6451609788359,303.04766101344114,Gradient Boosting,80.24013306760588,80.46948326021032,66.56483902116406,59.16233898655884
198.39,225.36261942179334,225.425443515676,225.70629519841245,224.60863436417685,Gradient Boosting,-26.972619421793354,-27.035443515676008,-27.316295198412462,-26.218634364176864
240.24,199.82019674652267,200.03507301015645,185.11026931216918,208.58340077068124,Gradient Boosting,40.41980325347734,40.20492698984356,55.12973068783083,31.656599229318772
374.13,345.65345299560255,345.39551201573477,338.77712813492076,332.61637780444033,Gradient Boosting,28.476547004397446,28.73448798426523,35.35287186507924,41.51362219555966
91.42,120.88807414509529,120.87373574541147,113.30182652116405,106.78372233717569,Gradient Boosting,-29.468074145095287,-29.453735745411464,-21.881826521164044,-15.363722337175687
158.69,204.76563658587213,204.74275316357966,183.32576138888894,170.82910147205524,Gradient Boosting,-46.07563658587213,-46.052753163579666,-24.635761388888938,-12.139101472055245
105.61,109.94296507901552,109.93784721593656,125.34322930976418,125.44664423725698,Gradient Boosting,-4.332965079015523,-4.327847215936558,-19.733229309764184,-19.836644237256976
253.1,196.1452895265106,196.17433721200086,216.40166325396837,196.70097711943575,Gradient Boosting,56.9547104734894,56.92566278799913,36.69833674603163,56.399022880564246
210.9,242.03618396884218,241.9890994229508,252.13064974867692,250.4997726995247,Gradient Boosting,-31.136183968842175,-31.089099422950795,-41.23064974867691,-39.59977269952469
143.65,167.79398178822584,167.8907270332919,157.63464574074078,155.38455950860794,Gradient Boosting,-24.14398178822583,-24.240727033291904,-13.984645740740774,-11.73455950860793
282.53,256.408376922257,256.4377730296661,271.4391397619046,262.11859618980975,Gradient Boosting,26.12162307774298,26.092226970333854,11.090860238095388,20.411403810190222
324.07,250.0822223195656,250.1268160039694,253.8869383994708,259.56557069659743,Gradient Boosting,73.98777768043439,73.9431839960306,70.18306160052919,64.50442930340256
177.86,170.30645695035264,170.24229730600103,173.58329558201066,168.09832983589735,Gradient Boosting,7.553543049647374,7.617702693998979,4.27670441798935,9.761670164102668
53.15,12.98218559202715,12.934946468328008,57.2910538095238,47.24311595689947,Gradient Boosting,40.16781440797285,40.21505353167199,-4.141053809523804,5.906884043100526
91.14,87.50846485962931,87.76035236330266,87.1362607010582,92.62762406060222,Gradient Boosting,3.631535140370687,3.3796476366973423,4.003739298941795,-1.487624060602215
210.51,251.0361638211952,251.03952730517904,243.7989845057719,253.82265223725915,Gradient Boosting,-40.52616382119521,-40.529527305179045,-33.28898450577191,-43.31265223725916
173.78,189.72920152897913,189.72337522571058,184.8838110846562,190.91260461542183,Gradient Boosting,-15.949201528979131,-15.943375225710582,-11.1038110846562,-17.132604615421826
115.86,107.6590850719565,107.76691452422473,117.73266304232808,109.7523326545421,Gradient Boosting,8.200914928043503,8.093085475775268,-1.8726630423280852,6.107667345457898
272.83,292.95008391690305,292.62301916137164,261.7479804629628,264.31484266290676,Gradient Boosting,-20.12008391690307,-19.79301916137166,11.082019537037183,8.515157337093228
148.21,132.1962771181103,132.2439114372183,152.51221392857155,148.65796908135894,Gradient Boosting,16.01372288188972,15.96608856278172,-4.302213928571547,-0.4479690813589343
256.89,305.1237053333081,305.0313883306851,314.6532022883596,305.1420618155834,Gradient Boosting,-48.23370533330814,-48.14138833068512,-57.763202288359594,-48.25206181558343
212.97,222.93189274962032,222.75180653178734,214.45904600529093,213.50485755935514,Gradient Boosting,-9.961892749620318,-9.781806531787339,-1.4890460052909305,-0.5348575593551459
227.46,239.70033418919076,239.64591522160723,241.21512800264566,232.73178260305295,Gradient Boosting,-12.240334189190747,-12.185915221607218,-13.755128002645648,-5.271782603052941
124.82,104.4452585488184,104.44261079192768,115.8860459656084,114.56816319084659,Gradient Boosting,20.374741451181592,20.377389208072316,8.93395403439159,10.251836809153403
48.81,57.10831049670634,57.05214299977041,67.38122340909095,68.58185349316996,Gradient Boosting,-8.298310496706335,-8.242142999770408,-18.571223409090948,-19.771853493169957
258.45,323.1346630069774,322.8381107853461,291.5977426719578,295.37411271840347,Gradient Boosting,-64.68466300697742,-64.3881107853461,-33.147742671957815,-36.92411271840348
84.82,93.6070721183418,93.80648926568571,82.11754650793652,81.41835269231343,Gradient Boosting,-8.787072118341811,-8.98648926568572,2.7024534920634693,3.4016473076865594
105.91,157.1980623766194,157.21140828959673,144.79957619047633,135.3275202957316,Gradient Boosting,-51.28806237661939,-51.301408289596736,-38.88957619047633,-29.417520295731606
190.98,199.4573655666457,199.46353525755706,190.61977232924474,195.4196357317373,Gradient Boosting,-8.477365566645716,-8.483535257557065,0.36022767075525053,-4.439635731737297
219.29,202.52139050895914,202.54325710171202,212.83466789682532,214.0348925793295,Gradient Boosting,16.76860949104085,16.746742898287977,6.455332103174669,5.255107420670498
212.59,250.09886462634026,250.17475308912321,232.15043778018264,230.1464260896277,Gradient Boosting,-37.508864626340255,-37.58475308912321,-19.56043778018264,-17.556426089627706
129.74,163.46543327721324,163.55680048846477,151.79758741943246,145.35803597313182,Gradient Boosting,-33.72543327721323,-33.816800488464764,-22.05758741943245,-15.61803597313181
75.16,111.1491249444374,111.50464634736238,86.39133388888891,82.750850054799,Gradient Boosting,-35.98912494443741,-36.344646347362385,-11.231333888888912,-7.590850054799006
255.17,235.07817486595815,235.1884018844609,240.11596479918236,259.8160250528518,Gradient Boosting,20.09182513404184,19.9815981155391,15.054035200817623,-4.6460250528517975
119.63,149.59255575074127,149.64742689809987,121.16358716931225,125.80938705278737,Gradient Boosting,-29.962555750741274,-30.01742689809987,-1.5335871693122556,-6.179387052787376
186.65,197.60752698566995,197.6797440812587,172.11526578042339,187.40954352784178,Gradient Boosting,-10.957526985669944,-11.029744081258684,14.53473421957662,-0.759543527841771
178.61,193.99084290910113,193.83166258421718,168.57216772486754,178.76979803593667,Gradient Boosting,-15.38084290910112,-15.221662584217171,10.037832275132473,-0.1597980359366602
233.5,233.60817885400058,233.57304608411914,238.00452206349217,237.37365059596476,Gradient Boosting,-0.10817885400058458,-0.0730460841191416,-4.504522063492175,-3.8736505959647616
304.34,248.3004439604967,248.23825937824896,275.7597036111112,279.6438589363698,Gradient Boosting,56.03955603950328,56.10174062175102,28.58029638888877,24.696141063630193
100.37,124.74460293865889,124.76200008133415,110.53400997354498,107.0037719007012,Gradient Boosting,-24.37460293865888,-24.392000081334146,-10.164009973544978,-6.633771900701191
256.98,247.1836264725932,247.114054664629,226.9266447354499,237.17955669861283,Gradient Boosting,9.796373527406814,9.86594533537101,30.053355264550106,19.80044330138719
145.23,181.55121241913906,181.57153373016976,164.88789091269828,173.28819596481694,Gradient Boosting,-36.32121241913907,-36.34153373016977,-19.657890912698292,-28.058195964816946
156.4,128.58854128327556,128.53162936054005,132.7105125132275,134.58849758679028,Gradient Boosting,27.811458716724445,27.868370639459954,23.689487486772492,21.811502413209723
86.53,82.24705027195425,82.41904208073328,82.61923481481486,72.35821534632268,Gradient Boosting,4.28294972804575,4.110957919266724,3.9107651851851415,14.17178465367732
57.14,68.85097128582142,69.00904378779151,74.40843593915338,76.51355581794508,Gradient Boosting,-11.710971285821415,-11.869043787791512,-17.268435939153377,-19.373555817945075
63.36,63.8879145697918,64.11613930300003,66.58719011904756,68.70197062704351,Gradient Boosting,-0.527914569791804,-0.7561393030000261,-3.227190119047563,-5.341970627043509
126.67,129.3204977610186,129.2935643064867,134.77589527056267,140.19476253080447,Gradient Boosting,-2.650497761018599,-2.623564306486699,-8.10589527056267,-13.524762530804466
210.54,221.60513774234096,221.61803677953483,230.26698687830702,237.0047829499665,Gradient Boosting,-11.065137742340966,-11.078036779534841,-19.72698687830703,-26.46478294996652
198.28,172.47267194306278,172.54355921246943,178.34320996031758,184.9229724474448,Gradient Boosting,25.807328056937223,25.73644078753057,19.93679003968242,13.357027552555195
98.09,131.13296044229855,131.02994510700412,126.96333042328052,127.24461887005978,Gradient Boosting,-33.04296044229855,-32.93994510700412,-28.87333042328052,-29.154618870059778
137.26,145.7804528373623,145.79277846940016,145.70382014550268,136.2615879999181,Gradient Boosting,-8.520452837362313,-8.53277846940017,-8.443820145502684,0.9984120000818848
131.29,142.02920577291547,142.03920843589697,139.49395841269853,149.17130574255373,Gradient Boosting,-10.739205772915483,-10.749208435896975,-8.20395841269854,-17.881305742553735
130.32,125.01511266777956,125.42287424104,129.0080036640212,136.74809526861773,Gradient Boosting,5.3048873322204315,4.897125758959987,1.3119963359787903,-6.428095268617739
211.36,225.12981294729326,225.08181779142802,202.66807013227526,197.14195779297376,Gradient Boosting,-13.769812947293246,-13.721817791428009,8.691929867724753,14.218042207026258
225.74,220.45531583626317,220.41468848360392,214.54350826719596,222.88527707081593,Gradient Boosting,5.284684163736841,5.325311516396084,11.196491732804049,2.854722929184078
169.46,175.54782866162003,175.76877406355538,177.7755674434824,169.50611327405667,Gradient Boosting,-6.087828661620023,-6.308774063555376,-8.315567443482394,-0.04611327405666543
233.68,207.25030260565515,207.22685809812253,231.81842448412726,223.81903039287863,Gradient Boosting,26.429697394344856,26.453141901877473,1.8615755158727438,9.860969607121376
158.13,203.10233353718988,203.1809039453132,191.8064255483406,184.53097087663568,Gradient Boosting,-44.97233353718988,-45.050903945313195,-33.6764255483406,-26.400970876635682
104.48,108.68026593910916,108.46938954284599,84.0838218253968,86.79148730935734,Gradient Boosting,-4.200265939109158,-3.9893895428459842,20.396178174603207,17.688512690642668
227.88,227.43847304666923,227.59446796750987,235.07734648148147,245.45637570697534,Gradient Boosting,0.4415269533307651,0.28553203249012427,-7.197346481481475,-17.57637570697534
217.9,183.73577476319971,183.75366706838048,186.81799891534388,181.29810430092166,Gradient Boosting,34.16422523680029,34.146332931619526,31.082001084656127,36.60189569907834
185.8,221.96462541370744,222.07463567548402,209.45843813492084,196.78732126291337,Gradient Boosting,-36.16462541370743,-36.27463567548401,-23.65843813492083,-10.987321262913355
244.41,203.619334273518,203.75832771011957,192.61620878787872,200.01772627190405,Gradient Boosting,40.79066572648199,40.65167228988042,51.79379121212128,44.392273728095944
156.46,194.44405806173694,194.47586055556937,184.05323788600285,173.2074975423345,Gradient Boosting,-37.98405806173693,-38.01586055556936,-27.59323788600284,-16.747497542334486
267.42,280.2858808696473,280.24527326408975,318.678353862434,319.7062453341782,Gradient Boosting,-12.865880869647299,-12.82527326408973,-51.25835386243398,-52.286245334178204
139.83,126.01043514812906,126.04001106683195,129.7337316522367,128.42673048558737,Gradient Boosting,13.81956485187095,13.789988933168061,10.0962683477633,11.403269514412642
195.84,215.14680084990857,215.3953386191571,223.08216714285712,211.16878330529002,Gradient Boosting,-19.30680084990857,-19.555338619157084,-27.242167142857113,-15.328783305290017
156.96,139.9485146201488,139.92546659428263,139.5732834126984,141.77888228645367,Gradient Boosting,17.011485379851194,17.034533405717383,17.386716587301606,15.181117713546342
183.42,192.72667840370858,192.82906887866625,186.1210994047619,194.61017892387278,Gradient Boosting,-9.306678403708588,-9.409068878666261,-2.7010994047619192,-11.190178923872793
82.41,78.54325200191306,78.53730959972249,82.44738275132276,76.0247246768079,Gradient Boosting,3.866747998086936,3.8726904002775058,-0.037382751322766694,6.38527532319209
245.92,287.8976924992709,287.4326530774388,271.1101538227512,268.3091931580795,Gradient Boosting,-41.97769249927089,-41.512653077438785,-25.190153822751228,-22.389193158079507
266.23,234.06835439060936,234.04812484869487,242.93348456349224,240.80416606477937,Gradient Boosting,32.16164560939066,32.18187515130515,23.296515436507775,25.425833935220652
118.63,144.507236429472,144.3647316965831,117.76711067460322,121.0793245039758,Gradient Boosting,-25.877236429471992,-25.73473169658311,0.8628893253967789,-2.4493245039758023
277.5,222.09788362903438,222.36507569000435,230.0353003306879,234.85038855721274,Gradient Boosting,55.402116370965615,55.134924309995654,47.4646996693121,42.64961144278726
109.85,92.50841693907451,92.64862656962785,93.53587164631655,98.72588878781609,Gradient Boosting,17.341583060925487,17.201373430372144,16.314128353683444,11.124111212183905
78.72,100.28264580286806,100.19944593095897,86.28262588624331,83.75911238468245,Gradient Boosting,-21.56264580286806,-21.479445930958974,-7.5626258862433104,-5.039112384682454
224.84,225.90361602965336,226.12063350278441,225.9626801587303,224.26235287227468,Gradient Boosting,-1.0636160296533603,-1.2806335027844113,-1.1226801587303044,0.5776471277253279
132.72,119.46887862980597,119.41176770464715,112.07785515873015,111.03807571951418,Gradient Boosting,13.251121370194028,13.308232295352852,20.642144841269854,21.681924280485816
223.86,259.55916164657117,259.5976416444461,244.86259880952358,249.4409544410302,Gradient Boosting,-35.699161646571156,-35.737641644446114,-21.002598809523562,-25.580954441030173
269.77,273.5119701012981,273.4721243429896,261.71140814814817,261.4595427800717,Gradient Boosting,-3.7419701012981363,-3.7021243429896344,8.058591851851816,8.31045721992831
111.11,114.997749833624,114.93022505493144,112.75880055555562,116.19749895224993,Gradient Boosting,-3.8877498336239995,-3.8202250549314414,-1.6488005555556242,-5.0874989522499305
48.27,49.515027201933194,49.167465372864086,48.613542347282355,52.59861923443889,Gradient Boosting,-1.2450272019331905,-0.8974653728640831,-0.34354234728235156,-4.328619234438889
101.37,130.9757441319785,130.92233491765904,143.63920773809522,118.94144760617593,Gradient Boosting,-29.605744131978497,-29.55233491765904,-42.26920773809522,-17.571447606175923
235.7,256.72887016257994,256.7536295125776,273.32061480158734,270.6056858089699,Gradient Boosting,-21.02887016257995,-21.05362951257763,-37.62061480158735,-34.905685808969906
185.65,189.13647509537626,189.13270867007603,178.94327048941796,188.35849342412712,Gradient Boosting,-3.4864750953762496,-3.482708670076022,6.706729510582051,-2.708493424127113
165.67,177.1225990490799,177.06274020971753,178.65705936507933,181.55801423617615,Gradient Boosting,-11.452599049079907,-11.392740209717545,-12.987059365079347,-15.888014236176161
241.18,228.99226057256084,229.10798258710838,246.6911077645504,246.06008088862146,Gradient Boosting,12.187739427439169,12.072017412891626,-5.511107764550388,-4.88008088862145
212.41,202.61078996304482,202.6798551252627,232.57387662698423,220.9684181235293,Gradient Boosting,9.799210036955174,9.730144874737306,-20.163876626984234,-8.558418123529293
66.47,62.75730096856978,63.01010671611617,63.87317174603178,62.57184076689342,Gradient Boosting,3.712699031430219,3.4598932838838294,2.5968282539682193,3.8981592331065755
109.48,106.07150738183039,106.20131340181968,104.23408506613747,103.18386647782204,Gradient Boosting,3.4084926181696176,3.278686598180329,5.245914933862537,6.296133522177968
273.97,237.51249710891165,237.51681661923703,258.86422648148135,258.6214955113023,Gradient Boosting,36.45750289108838,36.453183380762994,15.105773518518674,15.3485044886977
254.18,234.0220992754111,233.98845791504013,221.4743184371184,244.3800565885686,Gradient Boosting,20.1579007245889,20.191542084959877,32.70568156288161,9.7999434114314
66.79,58.05069324689751,58.23822749471968,85.769022989418,87.39964904715644,Gradient Boosting,8.739306753102497,8.551772505280326,-18.979022989418,-20.609649047156438
150.01,157.94183429804352,157.96793822075557,180.09578744708986,171.34421498316271,Gradient Boosting,-7.931834298043526,-7.9579382207555796,-30.08578744708987,-21.334214983162724
205.6,189.85005690280977,189.93493423140453,198.4690846428571,194.7138217161109,Gradient Boosting,15.749943097190226,15.665065768595468,7.1309153571428965,10.88617828388908
149.7,186.01671860054444,185.97449423389753,171.79062912698413,168.05653821922334,Gradient Boosting,-36.31671860054445,-36.27449423389754,-22.09062912698414,-18.356538219223353
82.06,90.92709778490251,90.88859788368188,93.4975922354497,89.58637567609414,Gradient Boosting,-8.867097784902512,-8.82859788368188,-11.4375922354497,-7.526375676094133
156.47,172.89940727547392,172.96508869194105,152.78891599206352,158.36405531972423,Gradient Boosting,-16.42940727547392,-16.49508869194105,3.6810840079364766,-1.894055319724231
61.67,31.79704905613707,31.84403366961334,51.17089141534395,52.7116617818648,Gradient Boosting,29.872950943862932,29.825966330386663,10.49910858465605,8.958338218135204
205.67,229.9564732259692,229.9377351741391,216.0666899206351,211.60916572448895,Gradient Boosting,-24.286473225969218,-24.26773517413912,-10.396689920635112,-5.939165724488959
123.09,153.28944898501325,153.36513336878295,151.01495189153445,136.0051257873187,Gradient Boosting,-30.199448985013248,-30.275133368782946,-27.924951891534448,-12.915125787318686
123.32,108.44311741436098,108.46128935295751,121.79938452380952,117.26497602020795,Gradient Boosting,14.87688258563901,14.858710647042486,1.5206154761904713,6.05502397979204
186.38,187.40700737642703,187.83998859838275,172.25366060245298,170.74463024064195,Gradient Boosting,-1.0270073764270364,-1.4599885983827505,14.126339397547014,15.635369759358042
159.38,148.7432585592745,148.69360920499005,129.73469611111113,137.12957174468855,Gradient Boosting,10.636741440725501,10.686390795009942,29.64530388888886,22.250428255311448
56.09,71.80447384803587,71.73471896944795,64.82871003968256,56.069130437195,Gradient Boosting,-15.714473848035865,-15.64471896944795,-8.738710039682559,0.02086956280500374
125.44,119.72660677026704,119.68416759011366,119.54024726190471,122.5044097622709,Gradient Boosting,5.713393229732958,5.755832409886338,5.899752738095287,2.9355902377291017
69.52,39.896903688242304,39.89572698903628,73.45736436507937,69.10098707260371,Gradient Boosting,29.623096311757692,29.62427301096372,-3.9373643650793753,0.41901292739628104
117.25,149.73516680343937,149.66091385894055,131.00983105820106,134.3207905890974,Gradient Boosting,-32.48516680343937,-32.410913858940546,-13.759831058201058,-17.070790589097413
211.26,229.3672665535118,229.19909907960536,231.41208296296298,236.02334798956275,Gradient Boosting,-18.107266553511806,-17.93909907960537,-20.152082962962993,-24.76334798956276
183.31,164.64987324019557,164.68329842068374,152.60352675925915,164.24795862855115,Gradient Boosting,18.660126759804427,18.62670157931626,30.70647324074085,19.062041371448856
167.36,137.60124614047834,137.7105904581886,152.3085769576719,149.70110314937818,Gradient Boosting,29.758753859521676,29.649409541811423,15.05142304232811,17.65889685062183
308.38,318.77611639975703,318.42650658107414,307.7016756457433,298.87274183799104,Gradient Boosting,-10.396116399757034,-10.04650658107414,0.6783243542566879,9.507258162008952
64.26,60.87444862131804,60.777617822643506,58.97617825396824,62.83118551105524,Gradient Boosting,3.385551378681967,3.4823821773564987,5.283821746031762,1.4288144889447665
197.46,215.95792850342696,216.21628374427388,209.53272015873014,218.09474321696507,Gradient Boosting,-18.497928503426948,-18.756283744273873,-12.072720158730135,-20.634743216965063
258.24,222.87014024560455,222.88922812760194,247.09136234126996,242.66638792633282,Gradient Boosting,35.36985975439546,35.35077187239807,11.148637658730053,15.573612073667192
140.38,122.3065011106437,122.36437034662373,125.39021194444446,128.22809987752473,Gradient Boosting,18.0734988893563,18.015629653376266,14.989788055555536,12.151900122475269
163.16,148.7740333897559,148.92905870282183,158.49911761904772,155.67992862668405,Gradient Boosting,14.385966610244083,14.230941297178163,4.660882380952273,7.480071373315951
241.38,230.17414325646683,230.14971151257512,247.60321900793656,230.26904575095378,Gradient Boosting,11.205856743533161,11.230288487424872,-6.223219007936564,11.110954249046216
199.97,190.6723792091058,190.64547220723483,206.09326690476195,206.38854582729746,Gradient Boosting,9.2976207908942,9.324527792765167,-6.123266904761948,-6.418545827297464
74.87,91.81888818781334,91.75028404006203,93.11890011904761,94.45264060741972,Gradient Boosting,-16.94888818781334,-16.880284040062023,-18.248900119047605,-19.58264060741972
104.08,97.88744739390435,97.88939409075775,115.10937646825396,94.50317647864213,Gradient Boosting,6.192552606095646,6.190605909242251,-11.029376468253957,9.576823521357866
152.33,157.07261453936655,157.1482309886781,155.11435317460302,161.32531371982222,Gradient Boosting,-4.742614539366542,-4.818230988678096,-2.7843531746030123,-8.995313719822207
288.09,272.164574152094,272.02156751848736,290.40949555555534,290.6075515753795,Gradient Boosting,15.925425847905956,16.068432481512616,-2.3194955555553634,-2.517551575379514
147.26,154.96021247086347,154.9793478866963,153.49755098484857,144.41820175313984,Gradient Boosting,-7.700212470863477,-7.719347886696312,-6.237550984848582,2.841798246860151
113.74,105.55221060738236,105.44843431103587,106.16747587301577,110.57036978441893,Gradient Boosting,8.187789392617631,8.291565688964127,7.57252412698422,3.1696302155810656
132.87,144.92676320681613,144.9706445317753,148.49230308201058,143.57659587956462,Gradient Boosting,-12.056763206816129,-12.100644531775288,-15.622303082010575,-10.706595879564617
219.48,209.12845798252215,209.11751863258073,230.51730559523796,228.57251995691325,Gradient Boosting,10.35154201747784,10.362481367419264,-11.037305595237967,-9.092519956913264
33.71,31.84940275148827,31.971200931538448,49.23472333333336,41.70749476404471,Gradient Boosting,1.8605972485117306,1.738799068461553,-15.524723333333363,-7.99749476404471
73.08,91.621845644083,91.66614015441505,90.26598305555557,95.56974648354561,Gradient Boosting,-18.541845644082997,-18.586140154415048,-17.185983055555567,-22.489746483545616
84.7,68.57688205512507,68.54642462817672,84.05016884920632,88.51559012414621,Gradient Boosting,16.123117944874934,16.15357537182328,0.6498311507936876,-3.815590124146212
105.57,89.3351464260009,89.31924379171453,99.61862701058197,95.13999552608759,Gradient Boosting,16.23485357399909,16.250756208285466,5.951372989418019,10.430004473912405
228.47,258.8705423345871,259.01918527331,263.9199631216932,275.44896910330016,Gradient Boosting,-30.40054233458713,-30.549185273309973,-35.44996312169317,-46.97896910330016
218.3,202.37087224990478,202.32826824365125,199.21084317460318,191.19137687845392,Gradient Boosting,15.929127750095233,15.97173175634876,19.089156825396827,27.10862312154609
64.81,43.94481423410373,44.077526643056956,59.639614550264525,63.29423278731596,Gradient Boosting,20.86518576589627,20.732473356943046,5.170385449735477,1.5157672126840396
125.49,136.54389466323983,136.44545298415625,129.21085048941796,123.16351537279132,Gradient Boosting,-11.05389466323983,-10.955452984156253,-3.7208504894179697,2.3264846272086714
120.58,98.71404189652229,98.67881365919676,96.62750861111114,104.30518487905248,Gradient Boosting,21.86595810347771,21.901186340803235,23.95249138888886,16.274815120947522
89.63,92.69905820865512,92.61324082202803,92.21765629629633,68.59503881651445,Gradient Boosting,-3.0690582086551217,-2.983240822028037,-2.5876562962963305,21.03496118348555
157.74,169.85289832906273,169.88737801793744,172.48042576719567,161.6737115830151,Gradient Boosting,-12.112898329062716,-12.147378017937427,-14.74042576719566,-3.933711583015082
82.63,104.34056692180616,104.3336446224317,83.68154396825395,86.88976269145975,Gradient Boosting,-21.710566921806162,-21.70364462243171,-1.0515439682539522,-4.2597626914597555
133.53,161.4542380412151,161.45921216130247,149.91945075396833,147.02802403218732,Gradient Boosting,-27.92423804121509,-27.929212161302473,-16.389450753968333,-13.498024032187317
218.02,197.36106667292583,197.35842534147503,208.547108042328,209.29629024086017,Gradient Boosting,20.65893332707418,20.661574658524984,9.472891957672005,8.723709759139837
283.28,281.7793401470751,281.67866494961896,277.5141783465606,264.27846065758837,Gradient Boosting,1.500659852924855,1.6013350503810102,5.765821653439389,19.001539342411604
47.74,39.149759454458064,38.83479496723406,41.40386215608468,49.621735157384805,Gradient Boosting,8.590240545541938,8.905205032765942,6.336137843915324,-1.881735157384803
32.17,3.749175883578914,3.4034116621578505,35.48575112433864,25.67586372646839,Gradient Boosting,28.420824116421088,28.76658833784215,-3.3157511243386395,6.494136273531613
155.95,155.17541657241537,155.33278291397028,142.1255524206349,146.04747533508535,Gradient Boosting,0.7745834275846164,0.6172170860297115,13.824447579365085,9.902524664914637
155.07,154.4732776703526,154.55355895967506,154.39171246031748,155.32245694614596,Gradient Boosting,0.596722329647406,0.5164410403249349,0.6782875396825148,-0.25245694614596914
67.78,94.9392468932987,94.96772063510649,72.46118412698404,74.93167815626893,Gradient Boosting,-27.1592468932987,-27.187720635106487,-4.681184126984036,-7.151678156268929
194.32,153.78593653245608,153.80418688302726,170.26442925925923,162.13850639431266,Gradient Boosting,40.534063467543916,40.51581311697274,24.055570740740762,32.181493605687336
170.66,174.006689696276,174.05847563782345,175.5526604365079,185.22351942339455,Gradient Boosting,-3.3466896962760018,-3.398475637823452,-4.892660436507896,-14.563519423394553
228.56,202.15179727678486,202.10574223892456,218.134402962963,200.9712284297792,Gradient Boosting,26.40820272321514,26.45425776107544,10.425597037036994,27.588771570220814
219.06,198.79077996154052,198.73261664142206,185.9682351719576,184.6196513789572,Gradient Boosting,20.26922003845948,20.327383358577947,33.091764828042415,34.4403486210428
234.41,239.57554715773534,239.5114200390483,265.1450303042329,259.13762812336125,Gradient Boosting,-5.165547157735347,-5.101420039048293,-30.73503030423288,-24.727628123361256
168.92,205.40077374877237,205.54175672233146,199.5859721825396,200.3866136950952,Gradient Boosting,-36.48077374877238,-36.62175672233147,-30.665972182539605,-31.46661369509522
166.36,221.71006712738406,221.47048964729348,171.00480596560843,172.10658425756233,Gradient Boosting,-55.35006712738405,-55.11048964729346,-4.644805965608413,-5.7465842575623185
59.55,33.221484655805114,33.225464662046676,57.32676046897547,60.42814305075049,Gradient Boosting,26.328515344194884,26.32453533795332,2.223239531024525,-0.878143050750495
227.25,203.04687480288086,202.96371654542827,214.51370511904776,207.77370031729436,Gradient Boosting,24.203125197119135,24.28628345457173,12.736294880952244,19.476299682705644
253.03,209.21152047657216,209.17898688817957,237.0265180555557,233.34617897948468,Gradient Boosting,43.81847952342784,43.851013111820436,16.003481944444303,19.683821020515325
295.75,271.03272080619143,270.90384396822236,304.1847740873017,295.9388704094528,Gradient Boosting,24.717279193808565,24.84615603177764,-8.434774087301719,-0.18887040945281797
64.99,84.15896136606183,84.01257423882942,82.9072227116402,81.06720431417148,Gradient Boosting,-19.168961366061836,-19.02257423882942,-17.917222711640207,-16.07720431417148
197.54,195.6450005939803,195.90228063312128,218.2200487301587,208.36358491231255,Gradient Boosting,1.8949994060196786,1.637719366878713,-20.680048730158717,-10.823584912312555
90.57,86.72658525307209,86.68492502972894,88.96550473544976,81.68031572988015,Gradient Boosting,3.8434147469279054,3.8850749702710488,1.6044952645502377,8.889684270119844
148.04,181.68063699066124,181.74195879241364,172.82882449735445,177.2638966871101,Gradient Boosting,-33.64063699066125,-33.70195879241365,-24.788824497354454,-29.223896687110113
106.21,108.60458871202746,108.47909875800565,92.42336484126984,94.85848236470282,Gradient Boosting,-2.3945887120274705,-2.2690987580056543,13.78663515873015,11.35151763529717
242.86,266.5751797123113,266.28262563105534,256.104885846561,255.56285714651162,Gradient Boosting,-23.715179712311283,-23.422625631055325,-13.244885846560976,-12.702857146511604
152.41,158.9084784190042,158.98357675455964,160.83256850529088,142.9789919845492,Gradient Boosting,-6.498478419004215,-6.573576754559639,-8.422568505290883,9.4310080154508
137.83,149.24820562500975,149.36547679819964,156.91821983923478,147.2886867546848,Gradient Boosting,-11.418205625009733,-11.535476798199625,-19.088219839234768,-9.458686754684777
158.77,181.99332384401217,181.9654941103303,180.53438149470898,179.33922289451004,Gradient Boosting,-23.223323844012157,-23.195494110330287,-21.76438149470897,-20.569222894510034
274.33,252.8002168424417,252.83995996754146,263.32579595238104,251.68838687912302,Gradient Boosting,21.529783157558285,21.490040032458523,11.004204047618941,22.64161312087697
42.1,26.161642850876916,26.383170507871085,57.57551570105821,44.23665140720656,Gradient Boosting,15.938357149123085,15.716829492128916,-15.475515701058207,-2.136651407206557
382.98,366.35747413148727,366.01128594320767,359.40747805555526,380.5135198240256,Gradient Boosting,16.622525868512753,16.96871405679235,23.57252194444476,2.466480175974425
92.13,106.66530308167961,106.79845479960379,111.32835154761905,110.36846056123376,Gradient Boosting,-14.535303081679615,-14.668454799603794,-19.198351547619055,-18.238460561233765
185.7,197.7900659147719,197.86666909704005,223.78890033068765,212.83107738013607,Gradient Boosting,-12.090065914771913,-12.166669097040057,-38.088900330687665,-27.131077380136077
89.5,98.61750016881535,98.85956178435282,81.97463731481484,78.63387144880161,Gradient Boosting,-9.117500168815354,-9.35956178435282,7.525362685185158,10.866128551198386
62.21,35.491300324260976,35.76699655350082,71.31022987012985,59.35695509340722,Gradient Boosting,26.718699675739025,26.443003446499183,-9.100229870129844,2.8530449065927783
193.04,192.05215642064763,192.06871215258403,207.385339484127,208.73109365822822,Gradient Boosting,0.9878435793523579,0.9712878474159652,-14.34533948412701,-15.691093658228226
244.08,241.64972735055235,241.46781211088938,245.0595812566138,246.06246791088475,Gradient Boosting,2.4302726494476588,2.612187889110629,-0.979581256613784,-1.9824679108847363
169.36,181.37826595425793,181.57184659894045,192.93710809523807,183.41350658926171,Gradient Boosting,-12.018265954257913,-12.21184659894044,-23.57710809523806,-14.053506589261701
90.33,91.97619315001464,92.027930449044,105.44541797619044,107.62875722651314,Gradient Boosting,-1.6461931500146392,-1.6979304490440086,-15.115417976190443,-17.298757226513146
228.43,295.2757944621203,295.0918574722932,280.2697702777778,270.29968419869203,Gradient Boosting,-66.8457944621203,-66.6618574722932,-51.8397702777778,-41.86968419869203
176.95,230.6795394350184,230.597961875311,223.0692336640212,205.79959747066104,Gradient Boosting,-53.72953943501841,-53.64796187531101,-46.11923366402121,-28.849597470661053
171.96,166.93196335204374,167.0088393157238,161.9525550396824,171.79713967434563,Gradient Boosting,5.02803664795627,4.9511606842762035,10.0074449603176,0.16286032565437836
177.93,213.09393636852272,213.15841808941596,179.18524444444452,178.27345535818307,Gradient Boosting,-35.16393636852271,-35.22841808941595,-1.2552444444445143,-0.34345535818306416
112.86,129.497973659855,129.6439913067957,144.8519826058201,136.7577346967681,Gradient Boosting,-16.637973659855007,-16.7839913067957,-31.9919826058201,-23.897734696768097
68.22,87.75151859964096,87.92866300343437,76.05980947089948,70.31091112534513,Gradient Boosting,-19.53151859964096,-19.708663003434367,-7.839809470899482,-2.09091112534513
101.8,108.87212676984291,109.22780536369666,110.61563664021159,111.59285280419833,Gradient Boosting,-7.07212676984291,-7.427805363696663,-8.815636640211594,-9.792852804198333
219.93,208.69718814046416,208.86981847201528,209.12876216931238,209.6459290767591,Gradient Boosting,11.232811859535843,11.060181527984724,10.801237830687626,10.284070923240904
50.39,30.01707403124351,30.20452296757557,59.16237802910053,54.54894654266209,Gradient Boosting,20.37292596875649,20.18547703242443,-8.77237802910053,-4.158946542662086
140.82,212.46624002808787,212.69737610998234,194.7218180952383,210.73274811624697,Gradient Boosting,-71.64624002808787,-71.87737610998235,-53.9018180952383,-69.91274811624697
194.89,205.49229133168623,205.51833486826513,218.75861107142862,223.78867018656058,Gradient Boosting,-10.602291331686246,-10.628334868265142,-23.86861107142863,-28.898670186560594
166.4,167.5341510639961,167.5228550675246,176.03543533910522,174.9488964122858,Gradient Boosting,-1.134151063996086,-1.122855067524597,-9.635435339105214,-8.548896412285785
185.51,175.21658578779724,175.17070065111398,159.4459581349207,171.9025112977285,Gradient Boosting,10.293414212202748,10.339299348886016,26.064041865079304,13.607488702271496
140.59,150.07566743425434,150.47333654581945,137.99542046296276,149.37115573304834,Gradient Boosting,-9.485667434254339,-9.883336545819446,2.594579537037248,-8.781155733048337
103.49,110.65329299031168,110.53250076830113,89.57481194444442,96.74682117381903,Gradient Boosting,-7.163292990311689,-7.042500768301139,13.915188055555575,6.743178826180966
189.16,189.06637542632208,189.10106264295362,205.39397006613754,197.95388377580068,Gradient Boosting,0.09362457367791421,0.05893735704637493,-16.233970066137545,-8.79388377580068
116.04,119.44218180887098,119.13751759084573,102.274231031746,95.76288007244025,Gradient Boosting,-3.402181808870978,-3.097517590845726,13.765768968254008,20.277119927559752
211.54,179.8719370545975,180.25148421921878,198.17456824074083,193.68798983139848,Gradient Boosting,31.668062945402482,31.28851578078121,13.365431759259167,17.85201016860151
121.11,105.39389183828982,105.44142109930596,118.81065273809519,113.54727510911736,Gradient Boosting,15.716108161710181,15.668578900694044,2.2993472619048134,7.5627248908826346
219.86,192.77456786258946,192.746612454,192.29276974386724,190.6265376166734,Gradient Boosting,27.08543213741055,27.113387546000013,27.567230256132774,29.23346238332661
207.22,211.6497112785799,211.60393152211657,212.52278780423276,216.28473320104902,Gradient Boosting,-4.4297112785799015,-4.383931522116569,-5.302787804232764,-9.064733201049023
47.16,34.62687165244594,34.35295729453833,45.37161484126982,52.00730685317807,Gradient Boosting,12.533128347554054,12.807042705461669,1.7883851587301791,-4.847306853178075
308.03,282.02054549422763,281.9730352567785,307.580378240741,316.5019269030661,Gradient Boosting,26.00945450577234,26.0569647432215,0.449621759258946,-8.471926903066105
140.35,171.2840233192297,171.307764483313,170.07251,166.96114060250005,Gradient Boosting,-30.93402331922971,-30.957764483313014,-29.72251,-26.611140602500058
187.62,175.05393762506546,175.1493422570264,174.83463994708993,183.7941207201824,Gradient Boosting,12.566062374934546,12.4706577429736,12.785360052910079,3.825879279817599
333.5,291.21652921102617,291.045541979285,313.8613678571429,314.9558232445179,Gradient Boosting,42.28347078897383,42.45445802071498,19.63863214285709,18.544176755482113
148.36,170.93739209470417,170.85524748250347,153.38561293650798,147.17224373284188,Gradient Boosting,-22.57739209470415,-22.49524748250346,-5.025612936507969,1.1877562671581359
193.46,215.28493194223554,215.24543146156267,213.33291425925918,227.81717881081946,Gradient Boosting,-21.824931942235537,-21.785431461562666,-19.872914259259176,-34.35717881081945
100.2,99.49947348304636,99.57492331872969,106.23748289682536,106.72108275389552,Gradient Boosting,0.7005265169536443,0.6250766812703148,-6.037482896825352,-6.521082753895513
82.99,67.8659106238447,68.01350147143516,86.11946999999995,77.22826567164421,Gradient Boosting,15.124089376155297,14.976498528564832,-3.129469999999955,5.761734328355786
156.55,193.54949432752503,193.69266573663432,163.51334048941808,167.09568481410403,Gradient Boosting,-36.999494327525014,-37.142665736634314,-6.963340489418073,-10.545684814104021
195.66,215.34979989025445,215.3160550979052,211.92032751322768,206.02166507150153,Gradient Boosting,-19.68979989025445,-19.65605509790521,-16.26032751322768,-10.361665071501534
232.48,272.30542349805563,272.1647975767231,233.02743587301603,247.19990097625345,Gradient Boosting,-39.82542349805564,-39.68479757672313,-0.5474358730160418,-14.719900976253456
289.29,280.7276637392986,280.58806569502497,297.6618676190476,287.516447482977,Gradient Boosting,8.562336260701443,8.701934304975055,-8.371867619047578,1.7735525170230062
137.13,122.97859780801284,123.04144468851706,115.05311337301585,113.06773972393626,Gradient Boosting,14.15140219198716,14.088555311482935,22.076886626984148,24.06226027606374
96.06,111.70476811104967,111.59093374814773,94.49401187830689,95.85924094893957,Gradient Boosting,-15.644768111049672,-15.530933748147731,1.5659881216931097,0.20075905106043024
125.08,127.22990038649704,127.21158984433967,141.9700802116402,138.68050153676418,Gradient Boosting,-2.1499003864970376,-2.131589844339672,-16.89008021164021,-13.600501536764185
149.75,167.65131989783455,167.71587030451315,155.79943283068786,146.54266606752182,Gradient Boosting,-17.901319897834554,-17.965870304513146,-6.049432830687863,3.2073339324781784
229.67,207.74551209268716,207.81283985215128,213.36302753968258,222.9314427044096,Gradient Boosting,21.924487907312823,21.857160147848703,16.30697246031741,6.738557295590397
208.59,199.49028483363017,199.5240314951765,198.22149037037022,199.617461874827,Gradient Boosting,9.099715166369833,9.065968504823502,10.368509629629784,8.972538125173003
264.21,264.44658529410856,264.48372302051285,264.6848821560846,249.32172803491432,Gradient Boosting,-0.2365852941085791,-0.27372302051287534,-0.47488215608461815,14.888271965085664
80.54,86.78993715267028,86.77620527669876,85.99150301587304,82.52575927372071,Gradient Boosting,-6.24993715267027,-6.236205276698755,-5.45150301587303,-1.9857592737207028
222.0,192.94305413267776,192.92772872087738,198.15658355820116,189.44155742492953,Gradient Boosting,29.05694586732224,29.072271279122617,23.843416441798837,32.55844257507047
108.88,105.60743786307717,105.5807816134392,104.04558920634918,102.38586887750535,Gradient Boosting,3.2725621369228293,3.2992183865607956,4.834410793650818,6.49413112249465
180.46,167.67059407496728,167.69416119330728,170.11675239417983,169.85517774291864,Gradient Boosting,12.789405925032725,12.765838806692727,10.343247605820181,10.604822257081366
307.05,310.30112947600105,310.12929300712767,320.64735458994704,323.84415276535344,Gradient Boosting,-3.25112947600104,-3.07929300712766,-13.597354589947031,-16.79415276535343
75.57,70.99818773584522,71.26791572187514,76.15863899470898,75.65415905721761,Gradient Boosting,4.571812264154772,4.302084278124852,-0.5886389947089867,-0.08415905721761874
125.69,138.69947588628966,138.6979619213419,131.86936701058198,141.0052059876135,Gradient Boosting,-13.009475886289664,-13.007961921341916,-6.179367010581984,-15.315205987613496
51.12,25.107502792482535,25.07663080701525,54.87390465608463,53.62036836626599,Gradient Boosting,26.012497207517463,26.04336919298475,-3.753904656084636,-2.5003683662659952
63.84,58.0459911060088,57.964038534018556,65.3118422751323,67.72642418142208,Gradient Boosting,5.7940088939912044,5.875961465981447,-1.4718422751323033,-3.886424181422072
209.89,210.47259940262438,210.40711691064715,198.87668075396817,199.59048091027884,Gradient Boosting,-0.5825994026243961,-0.5171169106471609,11.013319246031813,10.299519089721144
80.09,86.91404763471051,87.11165602345807,88.29774628306872,87.19374735125261,Gradient Boosting,-6.82404763471051,-7.021656023458064,-8.207746283068715,-7.103747351252608
218.8,219.4751832011047,219.70075565859545,227.51528087301602,230.69567269813282,Gradient Boosting,-0.6751832011046872,-0.9007556585954433,-8.715280873016013,-11.895672698132813
107.5,152.45776891719422,152.4322609060233,152.34259199735442,132.62761833418352,Gradient Boosting,-44.957768917194215,-44.93226090602329,-44.84259199735442,-25.127618334183524
209.35,206.06720335923197,206.27896837256907,209.95074992544505,216.33311812140798,Gradient Boosting,3.2827966407680265,3.0710316274309264,-0.6007499254450579,-6.983118121407983
65.83,86.47061329454709,86.11321313605562,80.72177462962962,70.96181090174193,Gradient Boosting,-20.640613294547094,-20.283213136055622,-14.891774629629623,-5.131810901741929
96.2,79.14517232278814,79.31755322218883,95.5482016462241,86.30432075773183,Gradient Boosting,17.05482767721186,16.882446777811168,0.6517983537759022,9.895679242268173
171.85,191.44335691007637,191.37524131349244,191.40788280423288,204.60836145588232,Gradient Boosting,-19.59335691007638,-19.525241313492444,-19.55788280423289,-32.75836145588232
70.17,54.80863624218877,54.740765715535574,73.18404355820103,66.42384677369479,Gradient Boosting,15.361363757811233,15.429234284464428,-3.014043558201024,3.7461532263052106
95.54,114.5187832580022,114.42630984592188,98.3771712301587,109.2758938069684,Gradient Boosting,-18.978783258002196,-18.886309845921872,-2.837171230158688,-13.735893806968392
221.01,238.5458526362682,238.4293101769963,262.80059378306873,259.49387884725815,Gradient Boosting,-17.535852636268203,-17.419310176996305,-41.79059378306874,-38.483878847258154
114.71,114.42737468066821,114.65683791042437,110.16205432539682,126.64237173240559,Gradient Boosting,0.28262531933178536,0.05316208957562196,4.54794567460317,-11.9323717324056
83.02,93.18879660492436,93.18811955549873,96.94202744708997,88.10865947776487,Gradient Boosting,-10.168796604924367,-10.168119555498734,-13.922027447089974,-5.088659477764878
277.01,280.8470778709254,280.90183269692994,304.54169912698427,298.9528316213713,Gradient Boosting,-3.837077870925384,-3.891832696929953,-27.53169912698428,-21.942831621371283
361.94,271.3157045344416,271.20297454734043,289.2496773015874,291.6049609907026,Gradient Boosting,90.62429546555842,90.73702545265957,72.69032269841261,70.33503900929742
308.71,273.10172633728837,273.1026470092861,286.24764534391545,288.0254918454741,Gradient Boosting,35.60827366271161,35.60735299071388,22.46235465608453,20.684508154525872
280.41,262.22322170077916,262.2629806743633,283.8513525000003,283.16136102088535,Gradient Boosting,18.18677829922086,18.147019325636734,-3.441352500000278,-2.7513610208853265
52.33,63.00190180528847,62.791397642088484,55.18645988095239,52.57734010271033,Gradient Boosting,-10.67190180528847,-10.461397642088485,-2.856459880952393,-0.24734010271033213
52.88,70.11275789048759,70.5276387466489,65.021936468254,57.763468613247746,Gradient Boosting,-17.232757890487584,-17.6476387466489,-12.141936468253995,-4.883468613247743
277.55,255.16172898494816,255.1170496959731,289.6739741402117,288.9719261416287,Gradient Boosting,22.388271015051856,22.432950304026917,-12.123974140211715,-11.421926141628717
167.99,181.23266125958088,181.2358230490639,175.5803997883598,176.93542920575692,Gradient Boosting,-13.24266125958087,-13.245823049063887,-7.590399788359804,-8.94542920575691
345.4,356.40505833527357,356.13551955495825,334.31433330447334,343.10571410015484,Gradient Boosting,-11.005058335273588,-10.735519554958273,11.08566669552664,2.2942858998451356
130.49,116.79782167332291,116.8337128658832,124.9092276190477,122.42787472511161,Gradient Boosting,13.692178326677094,13.656287134116809,5.580772380952311,8.062125274888402
172.39,210.6181033105862,211.05081605085766,190.54434132275117,193.4844649339016,Gradient Boosting,-38.22810331058622,-38.660816050857676,-18.15434132275118,-21.094464933901605
182.65,176.62619264394465,176.71366731964517,181.60387392857137,191.1038278914902,Gradient Boosting,6.023807356055357,5.9363326803548375,1.0461260714286311,-8.453827891490192
113.28,108.24241389011615,108.28883776863997,101.55232749999999,105.15479764017088,Gradient Boosting,5.037586109883847,4.991162231360036,11.727672500000011,8.125202359829117
225.05,203.68481855893896,203.6558909845144,194.23233976190465,210.48498660708026,Gradient Boosting,21.365181441061054,21.39410901548561,30.817660238095357,14.565013392919752
126.05,119.76911296526498,119.96450083983379,116.71360777417033,115.54361517284501,Gradient Boosting,6.2808870347350165,6.085499160166208,9.33639222582967,10.506384827154989
156.08,154.492166437279,154.51207612565202,137.84917147186144,141.88423970566637,Gradient Boosting,1.5878335627210163,1.567923874347997,18.230828528138574,14.195760294333638
106.8,103.27328242874722,103.343896406379,108.47741886243385,100.79454797740061,Gradient Boosting,3.5267175712527745,3.4561035936209947,-1.6774188624338535,6.0054520225993855
231.99,235.36019777434524,235.33438473184725,263.73450071428573,254.8319443595555,Gradient Boosting,-3.370197774345229,-3.344384731847242,-31.74450071428572,-22.841944359555498
64.83,72.82222710614808,73.15903331866325,71.06549440476186,73.14249830012761,Gradient Boosting,-7.9922271061480785,-8.32903331866325,-6.235494404761866,-8.312498300127615
137.28,163.60360529756312,163.66953356928624,141.5619317857142,150.62449069839124,Gradient Boosting,-26.32360529756312,-26.389533569286243,-4.2819317857141925,-13.34449069839124
275.63,245.0824883560773,245.0510173618568,236.20373030423278,255.77870374591603,Gradient Boosting,30.54751164392269,30.578982638143202,39.42626969576722,19.851296254083962
133.74,174.39720139843158,174.4356161658413,157.31383193121698,152.79655530168614,Gradient Boosting,-40.65720139843157,-40.6956161658413,-23.573831931216972,-19.05655530168613
232.76,220.6772411806545,221.09616716157956,243.2212768915343,229.4144723627679,Gradient Boosting,12.082758819345486,11.663832838420433,-10.461276891534311,3.3455276372320952
79.31,95.328154400146,95.29663682445127,83.00612214285711,89.53451496933931,Gradient Boosting,-16.018154400146003,-15.986636824451267,-3.6961221428571065,-10.22451496933931
156.77,163.72313182254913,163.7794728253284,164.20703772486783,155.40039417278925,Gradient Boosting,-6.953131822549125,-7.009472825328402,-7.437037724867821,1.369605827210762
121.5,152.0698543405508,152.07894149068775,160.06818292929287,160.4165416774333,Gradient Boosting,-30.56985434055079,-30.578941490687754,-38.568182929292874,-38.91654167743329
79.48,80.17916322936149,80.32270951237732,81.56504724867725,81.50829901491683,Gradient Boosting,-0.6991632293614884,-0.8427095123773114,-2.085047248677242,-2.0282990149168256
181.34,162.23249660762528,162.2752529160663,172.33775642857134,168.79181750774248,Gradient Boosting,19.107503392374724,19.064747083933696,9.002243571428664,12.548182492257524
70.03,89.02998683996185,89.15568115145311,94.15462529100529,100.0865042513058,Gradient Boosting,-18.99998683996185,-19.125681151453108,-24.124625291005287,-30.056504251305796
165.12,186.73262327122927,186.87543014106242,182.12772173280416,182.00553037209625,Gradient Boosting,-21.612623271229268,-21.75543014106242,-17.007721732804157,-16.88553037209624
225.14,266.7953364848912,266.6690835160468,255.81674658730165,253.23605892726334,Gradient Boosting,-41.65533648489122,-41.529083516046796,-30.676746587301665,-28.096058927263357
182.48,158.50526257950182,158.6442612737932,158.23271841269843,156.74397666483793,Gradient Boosting,23.974737420498172,23.835738726206785,24.247281587301558,25.73602333516206
253.81,239.71957651349987,239.6811598994674,218.24818220899476,214.5919779693623,Gradient Boosting,14.090423486500129,14.128840100532614,35.56181779100524,39.21802203063771
164.99,141.3355876492918,141.31275872724785,153.74463711640217,149.02094234474816,Gradient Boosting,23.654412350708213,23.677241272752156,11.245362883597835,15.969057655251845
109.69,147.1544837364432,147.12636779706406,131.9370861375661,131.90428244947643,Gradient Boosting,-37.46448373644321,-37.436367797064065,-22.2470861375661,-22.21428244947643
62.08,31.500040145193452,31.105321658406325,45.04732084656083,51.22583766542412,Gradient Boosting,30.579959854806546,30.974678341593673,17.03267915343917,10.854162334575875
90.26,91.20912518791447,91.1892204024403,94.06897383597884,99.34230448532432,Gradient Boosting,-0.9491251879144613,-0.9292204024402935,-3.8089738359788328,-9.082304485324315
161.75,153.9382773820472,153.92182085218684,137.06555350529104,148.4723014163229,Gradient Boosting,7.811722617952796,7.8281791478131595,24.684446494708965,13.277698583677108
104.63,115.92380263862232,115.97703012097996,108.75420105820109,115.02532810576089,Gradient Boosting,-11.293802638622324,-11.347030120979966,-4.124201058201095,-10.395328105760896
119.16,125.62370090472831,125.76856022842654,123.41263608104857,131.728610485409,Gradient Boosting,-6.463700904728313,-6.608560228426541,-4.252636081048578,-12.56861048540901
68.21,94.11376277418259,94.02827757631435,84.05981683862439,89.67160909964898,Gradient Boosting,-25.903762774182596,-25.818277576314358,-15.849816838624392,-21.46160909964898
76.6,72.51546579571556,72.43590986795779,70.09664395502647,64.32033777388231,Gradient Boosting,4.084534204284438,4.164090132042205,6.503356044973529,12.27966222611768
227.69,216.89437233714943,217.16215909497316,199.24691960317472,216.7597100451656,Gradient Boosting,10.795627662850563,10.527840905026835,28.44308039682528,10.930289954834393
291.42,315.9570237053473,315.7356271151669,334.7397738492064,332.1394730210846,Gradient Boosting,-24.53702370534728,-24.315627115166876,-43.3197738492064,-40.71947302108458
142.29,141.91559327728973,142.1657455398825,156.79595444444436,139.9343225821685,Gradient Boosting,0.3744067227102619,0.12425446011749841,-14.50595444444437,2.3556774178314868
114.92,118.67591653541679,118.67849471599276,116.28155252645497,117.65398108946837,Gradient Boosting,-3.7559165354167874,-3.7584947159927538,-1.3615525264549717,-2.7339810894683723
211.77,182.19547038781366,182.18924919187282,177.84482400793678,182.97678217163184,Gradient Boosting,29.574529612186353,29.580750808127192,33.92517599206323,28.79321782836817
100.86,83.14059051394354,83.15754218053654,104.40322190476189,104.0251163915287,Gradient Boosting,17.719409486056463,17.70245781946346,-3.543221904761893,-3.1651163915286986
132.71,198.19742764496726,198.1365087734814,182.8339875793651,180.33996255730844,Gradient Boosting,-65.48742764496725,-65.4265087734814,-50.12398757936509,-47.62996255730843
48.46,75.28074351687177,74.93196286243781,54.26798500000001,54.26031038710432,Gradient Boosting,-26.820743516871765,-26.471962862437813,-5.807985000000009,-5.800310387104318
128.67,119.95646027425053,119.92480388190276,122.1804977585378,125.19927467758819,Gradient Boosting,8.713539725749456,8.745196118097226,6.489502241462191,3.470725322411795
134.82,138.7728365944468,138.8548799529236,153.73041686507938,152.278135246694,Gradient Boosting,-3.952836594446808,-4.034879952923603,-18.910416865079384,-17.458135246694013
148.52,174.80946294044827,174.85506278865944,177.93641443121695,169.7171768020587,Gradient Boosting,-26.28946294044826,-26.335062788659428,-29.416414431216936,-21.197176802058692
323.92,310.433124660239,310.1966314656617,347.6433782539681,342.72875135455683,Gradient Boosting,13.486875339761013,13.723368534338306,-23.723378253968065,-18.80875135455682
92.52,119.6513384190867,119.67021326834103,116.18519334656077,98.9198841445001,Gradient Boosting,-27.131338419086703,-27.150213268341034,-23.66519334656077,-6.399884144500106
247.98,264.21179044355546,264.1497446742539,264.38021632275144,258.11968917576485,Gradient Boosting,-16.231790443555468,-16.169744674253906,-16.400216322751447,-10.139689175764858
284.81,293.73483460028285,293.66524618536596,316.2764818386243,326.1256518471117,Gradient Boosting,-8.92483460028285,-8.855246185365957,-31.466481838624304,-41.315651847111724
91.81,116.05259023656464,115.87937984525848,100.04116079365073,99.60122094107315,Gradient Boosting,-24.242590236564638,-24.06937984525848,-8.23116079365073,-7.791220941073149
276.25,245.31968805185448,245.30917272497027,283.60059667989424,276.63956809518174,Gradient Boosting,30.930311948145516,30.940827275029733,-7.350596679894238,-0.38956809518174396
156.84,210.56479335237887,210.63333056500676,197.65285337301583,192.26712755598126,Gradient Boosting,-53.72479335237887,-53.793330565006755,-40.81285337301583,-35.42712755598126
133.75,134.1428021372493,134.1375853468466,128.17896493506493,127.3931743328182,Gradient Boosting,-0.3928021372493049,-0.38758534684660617,5.571035064935074,6.356825667181795
121.14,141.43810699127212,141.5116831594051,137.54535626984128,117.98645574233626,Gradient Boosting,-20.29810699127212,-20.371683159405094,-16.405356269841278,3.1535442576637394
352.29,280.713798656386,280.4901367975439,288.511547222222,289.06942163362817,Gradient Boosting,71.576201343614,71.7998632024561,63.778452777778,63.22057836637185
191.74,192.28721948130666,192.160891592543,160.91009005291,153.09076711286505,Gradient Boosting,-0.5472194813066551,-0.42089159254300057,30.829909947090016,38.64923288713496
66.34,64.05557679468791,64.16815761764805,74.07887716931211,75.08370182628606,Gradient Boosting,2.2844232053120948,2.1718423823519544,-7.738877169312104,-8.743701826286056
195.58,170.09573640424875,170.0303410997277,179.98396585978844,182.8540840443347,Gradient Boosting,25.48426359575126,25.549658900272306,15.596034140211572,12.7259159556653
218.54,233.40459654656487,233.25008777592402,248.99121906084653,236.4936672799466,Gradient Boosting,-14.864596546564883,-14.710087775924023,-30.45121906084654,-17.953667279946615
102.95,127.44993301131605,127.44540560533693,114.94683757936507,105.40883773275662,Gradient Boosting,-24.499933011316045,-24.495405605336927,-11.996837579365064,-2.4588377327566207
97.58,114.16597678096774,113.97019438741998,95.48084776455028,102.69384947864101,Gradient Boosting,-16.58597678096774,-16.39019438741998,2.099152235449722,-5.113849478641015
157.52,167.6984040074885,167.71565092117552,172.76622502645486,162.7494251113795,Gradient Boosting,-10.178404007488496,-10.195650921175513,-15.246225026454852,-5.2294251113794985
104.24,111.84710248560458,111.77460864020787,113.34132452380953,116.61546987645325,Gradient Boosting,-7.607102485604585,-7.534608640207878,-9.101324523809538,-12.375469876453252
186.55,192.05401802445252,192.13967103833411,195.22439246031755,197.1745642970603,Gradient Boosting,-5.504018024452506,-5.589671038334103,-8.674392460317534,-10.624564297060289
91.64,72.80477890668378,72.80025270342941,80.56305543650794,75.09162305617896,Gradient Boosting,18.83522109331622,18.839747296570593,11.076944563492063,16.54837694382104
228.99,198.9839786173303,199.066277463802,218.45245524891777,215.58773105380953,Gradient Boosting,30.0060213826697,29.923722536198,10.537544751082237,13.402268946190475
81.58,67.85624468807016,67.85510348869585,65.8900683597884,61.230661065710706,Gradient Boosting,13.723755311929835,13.724896511304152,15.689931640211597,20.349338934289293
229.65,277.43972996435997,277.3543558656726,290.5741530952382,271.876018218132,Gradient Boosting,-47.789729964359964,-47.70435586567257,-60.92415309523821,-42.226018218132
44.07,22.042208367885024,21.88669901731427,48.27218318783065,46.528452645117596,Gradient Boosting,22.027791632114976,22.18330098268573,-4.202183187830649,-2.458452645117596
74.12,70.94843331954108,70.80536973660313,60.537885079365104,69.85268837146968,Gradient Boosting,3.1715666804589233,3.3146302633968787,13.5821149206349,4.267311628530322
124.52,125.52871373221305,125.70124671988037,123.45567119047622,126.78246432664399,Gradient Boosting,-1.008713732213053,-1.1812467198803773,1.0643288095237722,-2.262464326643993
347.06,260.2254455853478,260.2686301956807,278.5227914682541,283.3234556940256,Gradient Boosting,86.83455441465219,86.79136980431929,68.53720853174588,63.736544305974405
121.32,140.14389036080243,140.1454744323001,130.4035182142857,136.0064842330872,Gradient Boosting,-18.823890360802437,-18.825474432300098,-9.083518214285704,-14.686484233087214
105.49,93.71641917321527,93.73179351073887,110.40116140211634,112.07316221066634,Gradient Boosting,11.773580826784723,11.758206489261127,-4.911161402116349,-6.5831622106663445
42.17,57.217035757739794,56.88062659746585,48.072781600529105,45.52636620194689,Gradient Boosting,-15.047035757739792,-14.710626597465847,-5.902781600529103,-3.3563662019468907
99.58,114.71630074834182,114.83515775290358,114.27167142857145,108.9271050580656,Gradient Boosting,-15.136300748341824,-15.255157752903585,-14.691671428571453,-9.347105058065608
108.03,129.70000348474176,129.59386837031448,115.27869579365074,105.10918365495245,Gradient Boosting,-21.670003484741756,-21.56386837031448,-7.2486957936507395,2.9208163450475553
97.11,111.53078961834605,111.52895214589566,113.78508776455021,101.13355008632426,Gradient Boosting,-14.420789618346049,-14.418952145895659,-16.675087764550213,-4.0235500863242635
295.51,260.8914508495461,260.97436878221583,263.4188915873016,276.54298088794945,Gradient Boosting,34.61854915045387,34.53563121778416,32.09110841269842,18.967019112050536
89.06,92.9385232839308,93.07039929936121,105.51512403439162,97.61209709873536,Gradient Boosting,-3.8785232839308037,-4.010399299361211,-16.455124034391616,-8.55209709873536
188.86,191.2568168839756,191.2302680468995,201.25610555555537,190.1221244170206,Gradient Boosting,-2.396816883975589,-2.370268046899497,-12.396105555555351,-1.2621244170205728
190.79,190.50613495474377,190.55679772750597,213.83717792328045,201.33558654566565,Gradient Boosting,0.2838650452562206,0.23320227249402592,-23.047177923280458,-10.545586545665657
232.59,248.2742689893785,248.19693193409148,287.7183101803752,279.3823041578123,Gradient Boosting,-15.684268989378495,-15.606931934091477,-55.12831018037522,-46.79230415781231
50.23,48.979685153146875,48.8907143006909,75.96133093915344,66.57983374515564,Gradient Boosting,1.2503148468531222,1.3392856993090945,-25.731330939153445,-16.349833745155642
244.69,267.4054092978829,267.29785146456527,262.5044113624338,274.6971077711256,Gradient Boosting,-22.7154092978829,-22.60785146456527,-17.814411362433816,-30.007107771125618
52.36,69.44988563638758,68.9890735146184,53.25840406084655,66.24318268240903,Gradient Boosting,-17.089885636387578,-16.629073514618398,-0.898404060846552,-13.883182682409029
149.17,169.12267484030613,169.02273556614693,157.97420051587315,147.36864826529543,Gradient Boosting,-19.952674840306145,-19.852735566146947,-8.804200515873163,1.8013517347045536
128.57,192.24805734199853,192.38842035998056,171.0609558201058,151.61566731069124,Gradient Boosting,-63.67805734199854,-63.818420359980564,-42.490955820105796,-23.045667310691243
99.24,67.64993499042137,67.51375680035392,83.59384353174603,76.6826224360459,Gradient Boosting,31.590065009578623,31.726243199646078,15.646156468253963,22.55737756395409
68.04,81.57705372412703,81.45489114356073,71.32374197089945,70.25560289126105,Gradient Boosting,-13.53705372412702,-13.414891143560723,-3.2837419708994418,-2.2156028912610424
121.31,127.94283134080246,128.04369766943952,125.17437557359304,126.99795081840847,Gradient Boosting,-6.632831340802454,-6.733697669439522,-3.864375573593037,-5.687950818408467
208.47,201.383441030796,201.38443658755435,198.88421236772498,194.02211151483561,Gradient Boosting,7.086558969203992,7.0855634124456515,9.585787632275014,14.447888485164384
285.01,252.29951598810968,252.3377516344124,269.8020979365079,260.77720025671215,Gradient Boosting,32.710484011890316,32.67224836558759,15.2079020634921,24.232799743287842
180.59,197.39477927609408,197.4020308725377,188.50510964285695,183.35485395089933,Gradient Boosting,-16.80477927609408,-16.81203087253769,-7.915109642856947,-2.7648539508993224
107.18,114.02390768280294,114.00905057707182,112.87303064814813,110.70590623256747,Gradient Boosting,-6.843907682802936,-6.829050577071811,-5.693030648148124,-3.525906232567465
136.73,163.33049883131466,163.33316108671724,171.41549134920632,167.89380444962035,Gradient Boosting,-26.600498831314667,-26.60316108671725,-34.68549134920633,-31.163804449620358
141.39,150.89849195076005,151.04794342590995,137.26775014550265,138.12945686076324,Gradient Boosting,-9.50849195076006,-9.657943425909963,4.1222498544973405,3.260543139236745
183.85,177.2168344870653,177.21256066711808,186.04811490740732,187.09023453212097,Gradient Boosting,6.633165512934681,6.637439332881911,-2.19811490740733,-3.2402345321209793
88.8,76.02180130129597,76.03789440488796,97.11681699735449,91.2211702499977,Gradient Boosting,12.778198698704031,12.762105595112033,-8.316816997354493,-2.421170249997701
143.0,141.17163487956185,141.1404140374268,146.8428050793651,143.06136970181134,Gradient Boosting,1.82836512043815,1.8595859625731919,-3.8428050793650925,-0.06136970181134416
142.76,142.39458150861694,142.35335022555557,124.7214581746032,140.24593189404564,Gradient Boosting,0.3654184913830534,0.40664977444441774,18.03854182539679,2.514068105954351
120.5,130.6753969535249,130.78397280772282,125.16008120731108,119.08024653819383,Gradient Boosting,-10.17539695352491,-10.283972807722819,-4.66008120731108,1.4197534618061667
212.11,208.64628853320053,208.96627446162503,189.46710335978827,192.73903301372454,Gradient Boosting,3.463711466799481,3.14372553837498,22.642896640211745,19.370966986275477
214.89,207.41594083470207,207.3704921166032,188.9478852633478,198.3099833908866,Gradient Boosting,7.474059165297916,7.519507883396784,25.942114736652172,16.580016609113386
250.39,265.8573548132394,265.78343100239766,265.96340247354493,252.27195331879847,Gradient Boosting,-15.46735481323941,-15.393431002397676,-15.573402473544945,-1.8819533187984803
135.97,155.25266820699386,155.20809928224008,162.3231755158729,146.14770292460042,Gradient Boosting,-19.28266820699386,-19.238099282240086,-26.35317551587289,-10.177702924600425
69.2,92.6452100966597,92.96356690980843,74.76091809523815,74.09955587458042,Gradient Boosting,-23.445210096659693,-23.763566909808432,-5.560918095238151,-4.899555874580415
140.77,124.66662498989271,124.86147635626058,148.22481604497352,137.03220886390176,Gradient Boosting,16.1033750101073,15.908523643739429,-7.454816044973512,3.7377911360982523
249.85,245.37136662306995,245.30809812000308,213.15192604497358,230.6170243110715,Gradient Boosting,4.478633376930048,4.541901879996914,36.698073955026416,19.23297568892849
139.55,133.53961267402477,133.5556609170147,129.61373915343918,138.15798458773585,Gradient Boosting,6.010387325975245,5.994339082985306,9.936260846560828,1.3920154122641577
151.82,166.67339118326984,166.66858877092392,188.56162990740734,175.1645287920917,Gradient Boosting,-14.85339118326985,-14.848588770923925,-36.741629907407344,-23.344528792091694
71.62,82.57623715370289,82.51546360512371,66.30731611111104,70.58092603339524,Gradient Boosting,-10.956237153702887,-10.895463605123709,5.312683888888969,1.0390739666047608
224.06,195.62016320295217,195.65107455220445,189.5803341269841,194.25452194298,Gradient Boosting,28.439836797047832,28.408925447795554,34.479665873015904,29.805478057019997
115.51,120.04168241981776,120.01039647260825,112.33458190476202,116.09348374639039,Gradient Boosting,-4.531682419817756,-4.500396472608244,3.175418095237987,-0.5834837463903852
75.0,82.51159634547909,82.38583414797331,79.9815863095238,84.83157515506323,Gradient Boosting,-7.5115963454790915,-7.385834147973313,-4.981586309523806,-9.831575155063234
239.96,259.2479057251837,259.12845101507037,253.509024484127,245.42628107463472,Gradient Boosting,-19.28790572518372,-19.16845101507036,-13.549024484126988,-5.466281074634708
146.4,128.30852338074686,128.25580834699207,132.13722044973548,130.84041099977114,Gradient Boosting,18.091476619253143,18.144191653007937,14.262779550264526,15.559589000228868
82.71,109.57999852662282,109.78456889545659,92.15842873015873,96.04696882917091,Gradient Boosting,-26.869998526622823,-27.074568895456594,-9.448428730158739,-13.336968829170914
112.31,107.2300084457436,107.21261360110867,114.61417436507934,106.193169485161,Gradient Boosting,5.079991554256409,5.097386398891331,-2.3041743650793336,6.116830514839009
44.89,23.725897018451064,23.6446203878821,49.410943134920615,40.17330220474414,Gradient Boosting,21.164102981548936,21.2453796121179,-4.520943134920614,4.716697795255861
347.37,284.63004420595456,284.56400360553647,281.6613599603173,283.8878573490488,Gradient Boosting,62.73995579404544,62.805996394463534,65.70864003968268,63.48214265095123
258.11,267.2048987548946,267.2321413109795,264.8000917989418,251.25067984234897,Gradient Boosting,-9.094898754894587,-9.122141310979487,-6.690091798941808,6.859320157651041
170.85,195.99424270394223,196.1055235172442,163.45490781746028,176.70242404429194,Gradient Boosting,-25.14424270394224,-25.2555235172442,7.395092182539713,-5.852424044291951
139.77,202.0132455038669,201.86762916455012,152.00064115079363,164.40157864965113,Gradient Boosting,-62.24324550386689,-62.09762916455011,-12.230641150793616,-24.631578649651118
288.92,250.29944942977943,250.23248347647012,266.10885537037035,263.03412399868404,Gradient Boosting,38.62055057022059,38.687516523529894,22.811144629629666,25.885876001315978
169.05,149.32957627359744,149.48204434915365,143.0201323280424,150.60898966432225,Gradient Boosting,19.720423726402572,19.567955650846358,26.029867671957618,18.44101033567776
167.27,149.65800527162514,149.7011779436228,154.36275970899476,158.44743745458305,Gradient Boosting,17.611994728374867,17.5688220563772,12.907240291005252,8.822562545416957
150.51,131.65868702977542,131.75712373147059,125.76715550264555,135.61654825764205,Gradient Boosting,18.85131297022457,18.752876268529405,24.74284449735444,14.89345174235794
205.33,190.20393741853803,190.18267279428906,188.29803838624343,189.76979406450016,Gradient Boosting,15.12606258146198,15.147327205710951,17.03196161375658,15.560205935499852
190.78,164.4945766461268,164.5144452824431,172.08888458994716,176.72375407019044,Gradient Boosting,26.2854233538732,26.26555471755691,18.691115410052845,14.056245929809563
127.82,132.2038001975027,132.1821395307562,141.83625853174598,137.34418283191127,Gradient Boosting,-4.383800197502694,-4.362139530756195,-14.01625853174599,-9.524182831911276
106.55,115.49395504688732,115.35231309722221,112.82211945767195,107.93368790255246,Gradient Boosting,-8.943955046887325,-8.80231309722221,-6.272119457671948,-1.3836879025524667
35.01,7.530845772985515,7.2780550000616415,36.7352063095238,39.37701801007428,Gradient Boosting,27.479154227014483,27.731944999938356,-1.7252063095237986,-4.367018010074283
285.37,257.0207440038338,257.25836613704917,275.2534352645503,274.0918276133905,Gradient Boosting,28.34925599616622,28.11163386295084,10.116564735449685,11.278172386609526
96.66,91.11817195038702,91.06075024457424,97.65039191798938,96.513125582384,Gradient Boosting,5.541828049612974,5.59924975542576,-0.9903919179893848,0.14687441761599018
119.46,106.45953948513312,106.48006320976467,125.67528456349207,123.87331442834048,Gradient Boosting,13.000460514866873,12.979936790235328,-6.215284563492077,-4.413314428340485
77.53,85.97349698457836,86.27719800145945,88.47228253968248,85.6156158148202,Gradient Boosting,-8.44349698457836,-8.747198001459452,-10.94228253968248,-8.085615814820201
156.27,168.87149099063535,168.79926097467245,157.36630575396822,167.89369858208835,Gradient Boosting,-12.601490990635341,-12.52926097467244,-1.0963057539682097,-11.623698582088338
261.11,252.25224398039478,252.33666570026864,255.06640979196732,260.99540885834546,Gradient Boosting,8.857756019605233,8.773334299731374,6.043590208032697,0.1145911416545573
116.68,125.07805018035322,124.98407478156832,112.66155451178452,113.87779447801853,Gradient Boosting,-8.39805018035321,-8.304074781568318,4.018445488215491,2.8022055219814774
127.51,117.29404493266526,117.26954292349357,137.86087633597882,131.55756454255913,Gradient Boosting,10.215955067334747,10.24045707650643,-10.35087633597881,-4.04756454255913
155.75,130.76173527336746,130.9445812644843,131.52358324074066,135.8381534230184,Gradient Boosting,24.988264726632536,24.8054187355157,24.226416759259337,19.91184657698159
116.76,151.66148355505294,151.65462117852505,154.50777087301583,154.40555978331312,Gradient Boosting,-34.901483555052934,-34.89462117852504,-37.747770873015824,-37.64555978331312
106.34,114.19009331348879,114.20373443537865,114.02653691798933,93.09607602997157,Gradient Boosting,-7.8500933134887845,-7.863734435378646,-7.686536917989329,13.243923970028433
268.22,272.6922383017735,272.59861201712886,243.3261848544973,260.3153425426443,Gradient Boosting,-4.472238301773473,-4.37861201712883,24.893815145502714,7.904657457355711
161.54,192.53668158831533,192.66545937799577,162.22269810846566,181.86411455211697,Gradient Boosting,-30.99668158831534,-31.12545937799578,-0.6826981084656722,-20.32411455211698
59.1,62.31952172968299,62.3356732793831,60.9135449603174,65.04054309142718,Gradient Boosting,-3.219521729682988,-3.2356732793831,-1.813544960317401,-5.94054309142718
298.71,258.2009287152131,258.1435040241679,258.92874719576713,285.8836487537048,Gradient Boosting,40.5090712847869,40.56649597583208,39.78125280423285,12.82635124629519
263.4,260.63851562496535,260.4869278653633,279.47574285714273,266.26173585262546,Gradient Boosting,2.7614843750346267,2.91307213463665,-16.075742857142757,-2.861735852625486
147.75,157.56317520857024,157.56168187258712,151.7795586075036,154.3529356671519,Gradient Boosting,-9.813175208570243,-9.811681872587116,-4.0295586075035885,-6.602935667151911
198.4,149.67862952525218,149.73520679687087,165.77036577838825,157.34579043853054,Gradient Boosting,48.72137047474783,48.664793203129136,32.62963422161175,41.05420956146946
82.0,107.58894925869544,107.66021857573242,96.69313142857139,90.12234562524712,Gradient Boosting,-25.588949258695436,-25.660218575732415,-14.693131428571391,-8.122345625247121
327.58,324.6567012802464,324.28789095257446,332.22897111111075,325.40029287853383,Gradient Boosting,2.923298719753575,3.2921090474255266,-4.648971111110768,2.1797071214661514
156.19,181.87498731174526,182.01219072053928,191.45100898148155,193.25403525252662,Gradient Boosting,-25.68498731174526,-25.822190720539282,-35.26100898148155,-37.06403525252662
187.74,168.5362927174192,168.60135510450496,166.21058686507936,168.42214375424214,Gradient Boosting,19.203707282580808,19.138644895495048,21.529413134920645,19.317856245757866
78.22,79.43742171829014,79.63166473053221,92.15067773809523,89.29780383389995,Gradient Boosting,-1.2174217182901401,-1.411664730532209,-13.930677738095227,-11.07780383389995
375.12,311.4981113872915,311.3820809032567,348.9327015608466,338.2724009154174,Gradient Boosting,63.62188861270852,63.737919096743326,26.18729843915338,36.84759908458261
58.68,40.38349416583284,40.464827001407286,56.85067677248674,58.75272456398777,Gradient Boosting,18.296505834167156,18.215172998592713,1.8293232275132567,-0.07272456398776939
177.79,219.57997413274109,219.5504171071988,203.7434469973546,206.47485372491704,Gradient Boosting,-41.789974132741094,-41.760417107198805,-25.953446997354604,-28.684853724917048
156.2,204.4223610033505,204.429322165916,209.98724191798942,196.67781579135408,Gradient Boosting,-48.2223610033505,-48.22932216591602,-53.787241917989434,-40.47781579135409
192.23,198.5951855993808,198.7157460605722,211.22595617623122,213.06911246102564,Gradient Boosting,-6.365185599380823,-6.485746060572211,-18.995956176231232,-20.83911246102565
114.5,104.77040975769032,105.02188597301738,113.2342661507937,119.15338552271945,Gradient Boosting,9.729590242309683,9.478114026982624,1.265733849206299,-4.6533855227194465
110.79,111.58450782092275,111.74064371447105,111.12407014550256,109.72498273267686,Gradient Boosting,-0.7945078209227461,-0.9506437144710418,-0.334070145502551,1.0650172673231424
144.86,162.10964573750886,162.39817259675223,142.4471682936509,157.27594404004282,Gradient Boosting,-17.249645737508843,-17.53817259675222,2.412831706349124,-12.415944040042802
125.72,129.8108374930262,129.82797478545652,115.99242577320831,112.5428801247235,Gradient Boosting,-4.090837493026214,-4.10797478545652,9.727574226791688,13.177119875276503
30.47,-13.543049409361856,-13.746389899422383,33.299005502645514,33.17609453013288,Gradient Boosting,44.013049409361855,44.21638989942238,-2.829005502645515,-2.70609453013288
216.57,219.5359737139479,219.5300108837551,214.2255282539681,215.67687484577178,Gradient Boosting,-2.9659737139479034,-2.9600108837551034,2.3444717460319,0.8931251542282155
176.2,173.30579316166265,173.3192675881277,165.16109490740732,175.86580782625063,Gradient Boosting,2.8942068383373396,2.8807324118722875,11.038905092592671,0.33419217374935783
215.98,198.86514678165565,199.10639930916147,178.61277436507925,198.7394795304117,Gradient Boosting,17.114853218344336,16.873600690838515,37.36722563492074,17.24052046958829
165.77,168.42705775927092,168.39651109058562,156.2994275661376,158.28581353099767,Gradient Boosting,-2.657057759270913,-2.626511090585609,9.4705724338624,7.4841864690023385
189.11,227.38908850351402,227.5097078815533,191.36412206349223,211.6196047879586,Gradient Boosting,-38.279088503514004,-38.3997078815533,-2.2541220634922183,-22.50960478795858
158.58,169.59373831918685,169.62467369246437,153.1063091666665,152.85950029240212,Gradient Boosting,-11.013738319186842,-11.044673692464357,5.473690833333507,5.720499707597895
97.08,94.6147820079982,94.63529821669752,109.74500404761912,98.75491076421426,Gradient Boosting,2.465217992001797,2.4447017833024773,-12.66500404761912,-1.6749107642142604
250.09,218.62519897895243,218.7389310874227,233.8761686183261,232.2978573169157,Gradient Boosting,31.464801021047577,31.35106891257729,16.213831381673913,17.792142683084307
266.76,255.30578432976,255.27990309804233,264.64340312169287,280.3804235511925,Gradient Boosting,11.45421567023999,11.480096901957666,2.1165968783071207,-13.620423551192516
289.13,270.8035853488583,270.6379761537587,299.54692142857124,276.6114721752725,Gradient Boosting,18.326414651141704,18.492023846241295,-10.416921428571243,12.518527824727471
77.62,85.55414064795555,85.83899249345261,70.44078781746029,77.659513294948,Gradient Boosting,-7.9341406479555445,-8.218992493452603,7.179212182539715,-0.03951329494799438
293.74,208.94913873589078,208.97887505445493,210.66615202380967,207.781785095563,Gradient Boosting,84.79086126410922,84.76112494554508,83.07384797619034,85.958214904437
106.76,86.57004085429614,86.60541199310894,103.90460949735449,99.97174537164541,Gradient Boosting,20.189959145703867,20.15458800689106,2.8553905026455197,6.7882546283545935
284.72,271.0773960204342,271.0368685522188,300.078811521164,292.0882486895005,Gradient Boosting,13.64260397956582,13.68313144778125,-15.358811521164,-7.36824868950049
83.59,88.21776397068679,88.47999543978894,87.93064461640209,93.02662853802741,Gradient Boosting,-4.627763970686786,-4.889995439788933,-4.340644616402088,-9.436628538027406
54.53,42.953125293717946,42.85673873040297,58.48343916666666,54.95452043857557,Gradient Boosting,11.576874706282055,11.673261269597035,-3.953439166666662,-0.42452043857556987
92.33,104.23529932792604,104.2197556717988,114.70915494708997,110.83114852306709,Gradient Boosting,-11.905299327926045,-11.889755671798795,-22.379154947089972,-18.501148523067087
198.95,178.8591432161976,178.7663611284776,166.43839973544976,175.94921506385586,Gradient Boosting,20.090856783802394,20.18363887152239,32.511600264550225,23.00078493614413
245.29,239.45931082614152,239.60966500192535,228.44230455026457,218.74262947687046,Gradient Boosting,5.830689173858474,5.680334998074642,16.847695449735426,26.54737052312953
116.21,134.93026724227514,134.8269023975298,117.32821841269848,111.1747067215023,Gradient Boosting,-18.720267242275142,-18.616902397529813,-1.1182184126984822,5.03529327849769
202.14,176.66430495280207,176.78211154546528,182.75117160052906,186.1184914054362,Gradient Boosting,25.475695047197917,25.357888454534702,19.388828399470924,16.021508594563784
188.94,185.6307457298433,185.64474355834705,191.70769427248683,198.409589492644,Gradient Boosting,3.3092542701566856,3.2952564416529526,-2.7676942724868354,-9.46958949264399
111.74,122.47323657037965,122.49467883137045,118.88991575396831,119.37708753978028,Gradient Boosting,-10.73323657037966,-10.754678831370455,-7.149915753968315,-7.637087539780282
102.94,107.22506934237954,107.26952624901902,109.49540846560849,108.79317581663629,Gradient Boosting,-4.285069342379543,-4.329526249019025,-6.555408465608494,-5.853175816636295
175.47,167.4245675364581,167.3565844749089,174.09143810846558,165.90563272797363,Gradient Boosting,8.045432463541886,8.113415525091085,1.3785618915344173,9.564367272026374
364.31,305.1525833629525,305.0700184606188,332.9869908597884,318.1696586576321,Gradient Boosting,59.157416637047504,59.239981539381176,31.323009140211582,46.14034134236789
237.65,251.11136353652574,251.28704871867228,248.67447305555532,241.0857149634658,Gradient Boosting,-13.461363536525738,-13.637048718672276,-11.024473055555319,-3.4357149634657844
219.49,203.38917714818842,203.41088343111693,213.08187714285708,209.67596526427243,Gradient Boosting,16.100822851811586,16.07911656888308,6.408122857142928,9.814034735727574
170.43,139.79538439987448,139.94272342406353,149.81291718253965,143.21710138067758,Gradient Boosting,30.634615600125528,30.487276575936477,20.617082817460357,27.21289861932243
42.74,50.46454962065525,50.146810137810235,44.79885805555555,49.186114976658146,Gradient Boosting,-7.724549620655246,-7.406810137810233,-2.0588580555555467,-6.446114976658144
74.82,60.25123654400316,60.21863284747394,76.7403844179893,70.071973631709,Gradient Boosting,14.56876345599683,14.601367152526052,-1.920384417989311,4.748026368290994
222.9,192.63051065899194,192.6280095236981,181.76588623015886,188.37445953745578,Gradient Boosting,30.269489341008068,30.27199047630191,41.13411376984115,34.52554046254423
131.25,161.74913226138196,161.87819358643938,161.05544965608476,169.91978189455563,Gradient Boosting,-30.49913226138196,-30.62819358643938,-29.80544965608476,-38.669781894555626
209.53,182.57733203645452,182.59201900224727,202.38759519841273,191.78171279093462,Gradient Boosting,26.95266796354548,26.93798099775273,7.142404801587276,17.74828720906538
50.63,29.205929807237,29.00720011376154,52.21125866402113,47.6786517704693,Gradient Boosting,21.424070192763004,21.62279988623846,-1.581258664021128,2.9513482295307014
59.58,62.701521397889636,62.47168152745776,54.932074960317415,60.9655563858923,Gradient Boosting,-3.1215213978896372,-2.891681527457763,4.647925039682583,-1.3855563858923006
121.8,147.36693391242824,147.38257882593012,140.22645034391527,141.28837012791428,Gradient Boosting,-25.56693391242824,-25.582578825930128,-18.426450343915278,-19.48837012791428
118.78,127.89449872683554,128.078189051905,126.49389674603175,128.33761993090565,Gradient Boosting,-9.114498726835535,-9.298189051905013,-7.71389674603175,-9.557619930905645
109.91,118.19361452044397,118.23922593215288,134.40224047619049,115.55964768333521,Gradient Boosting,-8.283614520443976,-8.32922593215288,-24.49224047619049,-5.649647683335218
47.58,36.92320794606543,36.909036387101594,65.47291063492061,46.762535372183,Gradient Boosting,10.656792053934566,10.670963612898404,-17.89291063492061,0.8174646278169959
165.22,158.36825869261642,158.5125433729802,148.42109980158727,151.79582657502505,Gradient Boosting,6.851741307383577,6.707456627019809,16.798900198412724,13.424173424974953
283.2,305.0856768629128,304.9765025991758,327.6318343915344,322.0547524552725,Gradient Boosting,-21.885676862912817,-21.776502599175785,-44.43183439153444,-38.85475245527249
145.52,155.71352244853486,155.67263488029516,147.40248980880241,157.45188878866713,Gradient Boosting,-10.19352244853485,-10.152634880295153,-1.8824898088024042,-11.931888788667123
65.33,87.78885246323283,87.59790722297002,69.4720850529101,76.437797214119,Gradient Boosting,-22.45885246323283,-22.267907222970024,-4.1420850529101045,-11.107797214119003
200.34,186.93126359608365,187.0243387040135,173.9667772883598,174.41382656910864,Gradient Boosting,13.40873640391635,13.315661295986502,26.37322271164021,25.926173430891367
77.65,83.20393674266417,83.65431057851544,98.2572978235654,88.21765438763292,Gradient Boosting,-5.553936742664163,-6.00431057851543,-20.60729782356539,-10.567654387632913
51.91,21.424057500475072,21.217940103058424,55.85246174603173,53.512140983185446,Gradient Boosting,30.485942499524924,30.692059896941572,-3.942461746031732,-1.6021409831854498
180.9,166.24414384565065,166.40902782302143,178.28251074074063,175.95934177737186,Gradient Boosting,14.655856154349351,14.490972176978573,2.617489259259372,4.940658222628144
304.26,268.8135672734908,268.73059024112484,276.27843649470896,283.8373214814039,Gradient Boosting,35.446432726509215,35.52940975887515,27.981563505291035,20.422678518596115
194.62,245.11531215123892,245.1930395018839,224.2435188383839,240.90239951944477,Gradient Boosting,-50.49531215123892,-50.5730395018839,-29.623518838383887,-46.282399519444766
103.26,118.83205398553733,118.79436712017963,118.60322494708988,115.29270992200519,Gradient Boosting,-15.572053985537323,-15.534367120179624,-15.34322494708988,-12.032709922005182
55.72,46.098265289978656,46.252761369059556,62.39082726791724,59.52320659205476,Gradient Boosting,9.621734710021343,9.467238630940443,-6.67082726791724,-3.8032065920547637
91.87,83.87851645438144,83.72958680209312,76.57932346560848,83.92249175842788,Gradient Boosting,7.991483545618564,8.14041319790688,15.290676534391523,7.947508241572123
210.68,187.24912258227297,187.2133024726361,179.37168813492065,189.2357217061798,Gradient Boosting,23.430877417727032,23.46669752736392,31.30831186507936,21.44427829382022
207.78,195.92020825983684,195.92636822145266,197.44837592592566,182.40954314505564,Gradient Boosting,11.85979174016316,11.853631778547339,10.331624074074341,25.370456854944365
120.59,139.80954645322407,139.80165411506013,135.60115826719576,142.01502121180178,Gradient Boosting,-19.21954645322407,-19.211654115060128,-15.011158267195754,-21.425021211801777
186.34,200.6327997721097,200.52060128282903,199.8998661243387,195.0755687937139,Gradient Boosting,-14.292799772109703,-14.18060128282903,-13.559866124338697,-8.735568793713895
89.67,112.78810588065409,113.15467019554274,106.91652136243384,101.58414380466405,Gradient Boosting,-23.118105880654085,-23.484670195542733,-17.24652136243384,-11.91414380466405
287.76,265.1238145648394,265.0589870995408,298.9195311904761,292.9459159700834,Gradient Boosting,22.6361854351606,22.701012900459205,-11.159531190476116,-5.185915970083386
144.01,140.80069699896583,140.65710900115113,135.64572912698412,134.65348531493038,Gradient Boosting,3.209303001034158,3.3528909988488635,8.364270873015869,9.356514685069612
121.53,125.54269739198169,125.46132882497989,103.49733896825396,109.25256694202623,Gradient Boosting,-4.012697391981689,-3.931328824979886,18.032661031746045,12.277433057973766
53.83,52.62613335334301,52.70689649572574,56.207245000000015,50.93639581899511,Gradient Boosting,1.2038666466569907,1.1231035042742548,-2.3772450000000163,2.893604181004889
63.14,37.14989022748668,37.051284839920726,63.22936660052909,57.69553513219339,Gradient Boosting,25.99010977251332,26.088715160079275,-0.08936660052908962,5.444464867806609
76.41,75.61688833166686,75.48549493374898,76.07107425925922,70.4261090247921,Gradient Boosting,0.7931116683331396,0.9245050662510153,0.33892574074077686,5.983890975207899
51.81,50.44627153834925,50.287425827672195,51.14966271765271,54.28242706785671,Gradient Boosting,1.3637284616507515,1.5225741723278077,0.6603372823472924,-2.4724270678567066
124.67,138.04649208842488,138.12949077854663,130.47875279100532,136.22868572432722,Gradient Boosting,-13.376492088424882,-13.459490778546623,-5.808752791005318,-11.55868572432722
157.97,146.41624765506012,146.4729469362308,143.0269168386243,150.67526824756501,Gradient Boosting,11.55375234493988,11.497053063769187,14.94308316137571,7.294731752434984
201.74,183.86875610548051,183.7936861660698,158.9195375396827,175.39904459805234,Gradient Boosting,17.871243894519495,17.94631383393022,42.820462460317316,26.340955401947667
304.41,290.7912519178267,290.6724382236159,285.13878121693125,295.20251741533906,Gradient Boosting,13.61874808217334,13.737561776384098,19.271218783068775,9.207482584660966
154.17,130.9009575625156,130.94011956247385,123.28072056878302,131.31432085145553,Gradient Boosting,23.269042437484387,23.229880437526134,30.889279431216963,22.855679148544453
334.48,294.30775658405025,294.26418195815285,321.6113518650793,330.792518087993,Gradient Boosting,40.172243415949765,40.21581804184717,12.868648134920704,3.6874819120070015
69.24,82.78889217539918,82.65973953015846,73.71528116402116,64.2303523911197,Gradient Boosting,-13.548892175399189,-13.419739530158466,-4.475281164021169,5.0096476088803
67.34,69.5231863148859,69.4077536322017,65.50062957671962,68.63751548009589,Gradient Boosting,-2.1831863148859014,-2.0677536322017005,1.8393704232803856,-1.297515480095882
190.36,164.58104645258575,164.65588276630476,165.2157692460317,168.84397436144056,Gradient Boosting,25.77895354741426,25.704117233695257,25.144230753968316,21.516025638559455
118.23,133.5097325974804,133.3880364495029,117.46375809523806,109.05391205568893,Gradient Boosting,-15.27973259748039,-15.158036449502887,0.7662419047619409,9.176087944311078
248.27,240.4805729173957,240.53209019390184,215.87169569264077,245.2802855692076,Gradient Boosting,7.7894270826043055,7.737909806098173,32.39830430735924,2.989714430792418
321.35,253.7105675543628,253.63295097280002,279.76508673280426,274.1032132926657,Gradient Boosting,67.63943244563723,67.7170490272,41.58491326719576,47.24678670733431
140.17,121.39132238486161,121.45229019176459,121.17048895502644,114.38482078499474,Gradient Boosting,18.778677615138378,18.717709808235398,18.999511044973545,25.785179215005243
211.47,197.174137528576,197.22625751911573,194.32983380110628,186.87874515767132,Gradient Boosting,14.295862471423987,14.243742480884265,17.140166198893724,24.59125484232868
212.12,190.63479342128696,190.6443418895445,168.35993014550255,178.45991282838315,Gradient Boosting,21.485206578713047,21.475658110455498,43.76006985449746,33.66008717161685
112.17,125.6908307158882,125.60949804030042,140.98566792568548,133.1812292702396,Gradient Boosting,-13.520830715888195,-13.439498040300421,-28.815667925685474,-21.01122927023961
276.59,288.22253529150726,288.0975831294018,290.0842743650795,283.4610667229474,Gradient Boosting,-11.632535291507281,-11.507583129401837,-13.494274365079548,-6.8710667229474325
300.68,332.0567270352523,331.5652354733056,263.43438511904776,262.2537655422571,Gradient Boosting,-31.376727035252316,-30.885235473305613,37.245614880952246,38.42623445774291
184.37,152.67493716467598,152.58782245364995,151.27228933862435,151.61607828012558,Gradient Boosting,31.695062835324023,31.782177546350056,33.09771066137566,32.75392171987443
125.21,128.46793895898082,128.60961372719746,124.36237919312167,128.49317601860594,Gradient Boosting,-3.25793895898083,-3.399613727197462,0.8476208068783251,-3.2831760186059427
160.87,151.30638033435264,151.28022555391843,143.8054951322752,149.80019213847248,Gradient Boosting,9.563619665647366,9.589774446081577,17.064504867724793,11.069807861527522
255.39,222.0112473636326,222.05210715070794,254.7018917195767,235.54459723618805,Gradient Boosting,33.37875263636738,33.33789284929205,0.688108280423279,19.845402763811933
164.27,170.32652479026098,170.29473265740012,171.4882492592593,175.41850906862302,Gradient Boosting,-6.056524790260966,-6.024732657400108,-7.218249259259295,-11.148509068623014
242.74,228.1132054582631,228.28832123205586,252.05703201058193,250.38173710355153,Gradient Boosting,14.6267945417369,14.451678767944145,-9.317032010581926,-7.64173710355152
64.49,64.49321015173145,64.24899497450386,57.74272313492068,68.28215630514632,Gradient Boosting,-0.0032101517314515604,0.24100502549613623,6.747276865079314,-3.792156305146321
103.71,92.26375504919947,92.17673742943033,95.26475791005288,88.33890934523815,Gradient Boosting,11.44624495080052,11.533262570569661,8.445242089947115,15.371090654761844
185.64,201.599824951364,201.6399579629247,178.89190550264533,188.49738141037696,Gradient Boosting,-15.959824951364027,-15.999957962924725,6.748094497354657,-2.8573814103769735
74.48,81.53407049383853,81.56968225676822,78.16797918951418,82.53380462338687,Gradient Boosting,-7.054070493838523,-7.089682256768214,-3.6879791895141807,-8.053804623386867
184.05,162.14884011693417,162.2421654422767,160.73471105820101,163.90007987652555,Gradient Boosting,21.901159883065844,21.80783455772331,23.315288941798997,20.14992012347446
181.55,196.21905107090782,196.38448263565138,181.72131694444442,171.58419806736813,Gradient Boosting,-14.669051070907813,-14.83448263565137,-0.17131694444441337,9.965801932631877
358.73,283.86178604989965,283.6573804461463,309.3392621296296,319.52694179218105,Gradient Boosting,74.86821395010037,75.07261955385371,49.3907378703704,39.20305820781897
237.19,218.054449093521,218.07721007407062,225.9025577380953,230.99099004084627,Gradient Boosting,19.13555090647901,19.112789925929377,11.287442261904687,6.199009959153727
45.9,26.830578596161615,26.6901248730872,48.27165621693123,53.04447380467954,Gradient Boosting,19.069421403838383,19.2098751269128,-2.3716562169312283,-7.144473804679542
179.06,216.92030567635442,216.722209404245,203.663081441799,205.63551952953,Gradient Boosting,-37.860305676354415,-37.662209404245004,-24.60308144179899,-26.57551952953
86.82,97.61748240924184,97.54338419644384,84.04572097883597,88.96254480397616,Gradient Boosting,-10.797482409241852,-10.723384196443845,2.77427902116402,-2.1425448039761648
61.36,27.05454530146693,26.931286277391564,58.58420554232802,57.44662144344527,Gradient Boosting,34.30545469853307,34.428713722608435,2.775794457671978,3.9133785565547328
206.23,191.29851002220502,191.455894736562,176.7539990211641,173.01906330397023,Gradient Boosting,14.931489977794968,14.774105263438003,29.476000978835884,33.21093669602976
263.56,247.02101136679295,246.95144976836417,258.7331328306879,264.81498026560865,Gradient Boosting,16.538988633207055,16.60855023163583,4.826867169312095,-1.2549802656086513
259.57,207.4764400605201,207.4932645298505,218.99514927248666,224.52300363799333,Gradient Boosting,52.09355993947989,52.07673547014949,40.574850727513336,35.04699636200667
321.06,330.3645898772045,329.8905579732142,234.51752456709957,267.2208195369467,Gradient Boosting,-9.304589877204478,-8.830557973214184,86.54247543290043,53.83918046305331
54.58,38.895786250069364,38.57089034653383,48.803220727513235,54.36007940154074,Gradient Boosting,15.684213749930635,16.00910965346617,5.776779272486763,0.21992059845926093
68.28,69.25373378097801,69.55377002834265,69.30656732804236,69.03632624019467,Gradient Boosting,-0.9737337809780087,-1.2737700283426534,-1.0265673280423613,-0.7563262401946673
253.06,250.74620342326514,250.663147649574,247.79662013227522,248.55449164468416,Gradient Boosting,2.313796576734859,2.396852350426002,5.26337986772478,4.50550835531584
110.55,123.02974357600198,123.08621527117495,116.09525863756618,121.24094286447342,Gradient Boosting,-12.47974357600198,-12.536215271174953,-5.545258637566178,-10.690942864473428
163.89,157.14769450645912,157.30192151727087,153.01814337301582,163.3190964928714,Gradient Boosting,6.742305493540869,6.588078482729117,10.871856626984169,0.5709035071285768
139.74,165.75130972211056,165.87919845245912,166.7322184126985,164.0892589566947,Gradient Boosting,-26.011309722110553,-26.139198452459112,-26.99221841269849,-24.349258956694683
127.55,159.15461564799017,159.34939521245576,130.36167272847527,132.80555385782492,Gradient Boosting,-31.604615647990173,-31.799395212455764,-2.8116727284752727,-5.255553857824921
162.46,151.9910337449221,152.0773400529601,163.33140875781626,160.00475119036258,Gradient Boosting,10.468966255077902,10.382659947039912,-0.8714087578162548,2.4552488096374248
136.87,116.02980339009301,116.08163947298682,132.05537374338616,125.25390639736487,Gradient Boosting,20.840196609906997,20.788360527013182,4.814626256613849,11.616093602635132
178.27,186.3595090111276,186.4687479890684,185.2202449074075,193.54430014343342,Gradient Boosting,-8.089509011127603,-8.19874798906838,-6.950244907407495,-15.274300143433408
63.88,34.64577049910645,35.00017919984009,53.802549246031745,53.903486412432756,Gradient Boosting,29.234229500893555,28.879820800159912,10.077450753968257,9.976513587567247
226.82,275.35844360392673,274.86109784712517,213.03548645502656,228.58902085409798,Gradient Boosting,-48.53844360392674,-48.04109784712517,13.784513544973436,-1.7690208540979881
186.14,206.20146791533122,206.29074946483186,193.68695339826857,186.78879468646994,Gradient Boosting,-20.061467915331235,-20.150749464831875,-7.546953398268585,-0.6487946864699552
184.06,218.53603209855484,218.54276438814603,220.69947670634923,218.47167074989525,Gradient Boosting,-34.47603209855484,-34.48276438814602,-36.63947670634923,-34.41167074989525
166.88,159.07246270521125,159.20973445507963,157.75982138888892,158.63965873153253,Gradient Boosting,7.8075372947887445,7.670265544920369,9.120178611111072,8.24034126846746
78.99,99.71778463643159,99.47330025153094,71.50502150793659,87.51000390575498,Gradient Boosting,-20.727784636431593,-20.48330025153095,7.484978492063405,-8.52000390575499
83.9,91.94966881990452,92.04945467677484,90.33107075396825,98.16818360698824,Gradient Boosting,-8.049668819904511,-8.149454676774837,-6.431070753968243,-14.26818360698823
238.65,255.27733444025938,255.20844742039998,279.1508281746033,268.53367615682845,Gradient Boosting,-16.627334440259375,-16.558447420399972,-40.5008281746033,-29.883676156828443
299.82,298.1218472391914,297.91061586641183,301.7722327344877,295.8834009532137,Gradient Boosting,1.6981527608085685,1.909384133588162,-1.9522327344877226,3.9365990467862844
94.68,81.5930143716267,81.700324973953,91.28159457671958,87.46630057911919,Gradient Boosting,13.086985628373313,12.979675026047005,3.3984054232804226,7.213699420880815
238.55,234.27639536217225,234.38036001603902,251.26783179894173,250.02827393010568,Gradient Boosting,4.273604637827759,4.169639983960991,-12.717831798941717,-11.478273930105672
65.94,72.06616560730806,71.98510388064916,70.09066423280427,63.319591835755574,Gradient Boosting,-6.126165607308067,-6.045103880649165,-4.150664232804274,2.6204081642444237
158.43,183.26219179452954,183.2843058516113,177.64225521164008,177.79761205966017,Gradient Boosting,-24.832191794529535,-24.854305851611286,-19.21225521164007,-19.36761205966016
120.53,128.9883195060812,128.92947124006457,125.26848138528136,124.20666002772644,Gradient Boosting,-8.45831950608121,-8.399471240064571,-4.738481385281361,-3.6766600277264416
67.58,51.3699090851846,51.67877314414051,76.48960489417993,72.9049064073942,Gradient Boosting,16.210090914815396,15.901226855859491,-8.909604894179935,-5.324906407394195
147.83,157.84418638916543,157.97922196360074,148.6447391402116,161.79554076504192,Gradient Boosting,-10.014186389165417,-10.149221963600723,-0.8147391402116,-13.965540765041908
208.16,204.06401325932853,204.24414137351638,199.81412424603164,211.4946921320659,Gradient Boosting,4.095986740671464,3.9158586264836117,8.345875753968357,-3.3346921320658964
41.68,28.016991100881057,27.942006941078176,52.233734404761954,34.71100353100959,Gradient Boosting,13.663008899118942,13.737993058921823,-10.553734404761954,6.968996468990412
157.18,163.32830643460377,163.33643440848277,191.22615378306875,181.65004238607793,Gradient Boosting,-6.148306434603768,-6.156434408482767,-34.046153783068746,-24.47004238607792
103.22,121.9810853682358,121.93571505529519,116.0571085317461,115.8890717001103,Gradient Boosting,-18.761085368235797,-18.715715055295192,-12.837108531746097,-12.669071700110308
132.51,144.2477582721671,144.2920759697046,147.67315537878775,148.62665651184332,Gradient Boosting,-11.737758272167099,-11.782075969704607,-15.163155378787764,-16.11665651184333
118.38,155.27569288573102,155.32957495997792,155.66233871693103,156.83304955310174,Gradient Boosting,-36.89569288573102,-36.94957495997792,-37.28233871693104,-38.45304955310175
84.59,85.4120699571382,85.35681480965438,79.10746021164022,83.98425071683948,Gradient Boosting,-0.8220699571381971,-0.7668148096543774,5.482539788359787,0.6057492831605202
126.4,110.41592507629319,110.56260284430962,116.82240728835983,116.16954293281987,Gradient Boosting,15.984074923706814,15.837397155690383,9.577592711640179,10.23045706718014
91.3,102.72668144429812,102.70536481618157,115.3130937962963,106.18521677790294,Gradient Boosting,-11.426681444298126,-11.405364816181574,-24.013093796296303,-14.88521677790294
169.75,188.4311130017627,188.6651828256566,186.75286085016856,188.31304397086973,Gradient Boosting,-18.681113001762697,-18.915182825656586,-17.00286085016856,-18.563043970869728
153.96,203.42671190910568,203.40497223616285,176.6571774603175,174.77494571723187,Gradient Boosting,-49.46671190910567,-49.44497223616284,-22.697177460317505,-20.814945717231865
192.5,176.035473656936,176.0420781876565,172.3581700000001,183.43617046400269,Gradient Boosting,16.464526343063994,16.4579218123435,20.141829999999914,9.063829535997314
88.75,93.82936929510477,93.91971003790367,98.38831671957678,90.27546339487078,Gradient Boosting,-5.079369295104769,-5.16971003790367,-9.638316719576778,-1.5254633948707834
134.4,158.07392601197813,158.03705932980938,148.48543499999982,147.29636648570653,Gradient Boosting,-23.673926011978125,-23.637059329809375,-14.08543499999982,-12.896366485706523
153.13,187.3170525902115,187.3486433349539,166.87561370370364,169.7602311497875,Gradient Boosting,-34.18705259021149,-34.218643334953896,-13.74561370370364,-16.630231149787505
80.12,89.06985187062816,89.21835694399125,98.31660764550261,85.39849245772643,Gradient Boosting,-8.949851870628152,-9.098356943991249,-18.19660764550261,-5.278492457726429
206.74,209.73979264819903,209.88557733340437,209.07157310846551,215.5718176559087,Gradient Boosting,-2.999792648199019,-3.1455773334043613,-2.3315731084655056,-8.83181765590868
75.95,79.44029412465176,79.61093433307865,95.62357013828759,89.38288361483144,Gradient Boosting,-3.4902941246517543,-3.660934333078643,-19.673570138287587,-13.43288361483144
116.13,130.4417940439356,130.45295815415312,117.80502936507932,108.01527674329782,Gradient Boosting,-14.311794043935606,-14.322958154153127,-1.6750293650793253,8.114723256702177
98.32,108.52986998828901,108.51238048042093,88.73001509259262,100.51408386759407,Gradient Boosting,-10.209869988289014,-10.192380480420937,9.58998490740737,-2.194083867594074
364.5,339.71052476929657,339.54076872737284,368.7516750000002,376.30917341044307,Gradient Boosting,24.78947523070343,24.959231272627164,-4.251675000000205,-11.809173410443066
76.36,71.04861995864745,71.11421054379049,78.20369273809523,83.16174391293048,Gradient Boosting,5.31138004135255,5.245789456209508,-1.8436927380952284,-6.801743912930476
257.74,288.81141823686687,288.54719564203845,286.75042901996153,273.201239966534,Gradient Boosting,-31.07141823686686,-30.807195642038437,-29.01042901996152,-15.46123996653398
153.96,155.45984514463942,155.44707887311702,173.17101462962975,170.0668118021851,Gradient Boosting,-1.4998451446394085,-1.4870788731170137,-19.211014629629744,-16.106811802185092
156.6,153.96217909838785,154.2316873245536,133.55175980158745,147.857758782034,Gradient Boosting,2.6378209016121446,2.36831267544639,23.048240198412543,8.742241217965983
194.16,213.69450711853864,213.64025942591127,205.04480768518516,199.65872547509383,Gradient Boosting,-19.53450711853864,-19.48025942591127,-10.884807685185166,-5.498725475093835
357.28,338.9622202159941,338.4985985594583,316.6323364550263,322.32652706210973,Gradient Boosting,18.317779784005893,18.781401440541686,40.64766354497368,34.95347293789024
106.65,118.06828972000929,118.03534837366254,122.15578912698406,116.30490419630394,Gradient Boosting,-11.418289720009284,-11.385348373662538,-15.505789126984055,-9.654904196303931
144.94,154.50079217328843,154.74027781007078,158.28525821428585,147.65326613760232,Gradient Boosting,-9.560792173288434,-9.800277810070781,-13.345258214285849,-2.713266137602318
98.85,111.15024910813983,111.43100603928139,91.20623129629625,97.98543318955196,Gradient Boosting,-12.300249108139838,-12.581006039281391,7.643768703703742,0.8645668104480393
140.81,173.30240278886635,173.17083711893508,160.5440994047619,161.33322232471042,Gradient Boosting,-32.49240278886634,-32.36083711893508,-19.734099404761906,-20.523222324710417
365.12,329.68952674464697,329.58298784211,315.62454060606046,322.54390520682324,Gradient Boosting,35.430473255353036,35.53701215788999,49.49545939393954,42.576094793176765
127.07,123.72997465166893,123.74418729030647,126.30752904761913,128.31347153474638,Gradient Boosting,3.340025348331068,3.3258127096935226,0.7624709523808662,-1.2434715347463907
229.02,238.71338842691225,238.8722455665175,231.83275853174612,222.88878294716042,Gradient Boosting,-9.693388426912236,-9.852245566517496,-2.8127585317461126,6.131217052839588
224.75,256.8469166033369,256.66653091183,258.2975502645504,237.6408971232083,Gradient Boosting,-32.09691660333692,-31.916530911830023,-33.54755026455041,-12.890897123208305
181.7,194.62719520521617,194.77458155180486,187.2593532275133,185.07400146429777,Gradient Boosting,-12.92719520521618,-13.074581551804869,-5.559353227513299,-3.374001464297777
119.12,107.48127338971273,107.60465199511705,115.74685965608471,119.04661056253,Gradient Boosting,11.638726610287279,11.515348004882952,3.3731403439152956,0.0733894374699986
85.73,73.7188426701529,74.16741570823993,81.11795624338617,85.93918882832936,Gradient Boosting,12.011157329847109,11.562584291760075,4.612043756613829,-0.20918882832935992
201.5,169.58933324293457,169.61281339743817,191.28255043650796,181.87317032372113,Gradient Boosting,31.910666757065428,31.887186602561826,10.217449563492039,19.626829676278874
174.42,178.5747273202177,178.661132328971,173.32567279100527,162.14869762504927,Gradient Boosting,-4.154727320217717,-4.24113232897102,1.094327208994713,12.271302374950722
41.85,47.59197527011723,47.447611800136386,52.04760376262624,52.89847530317851,Gradient Boosting,-5.74197527011723,-5.597611800136384,-10.197603762626237,-11.048475303178506
72.93,95.62419317335376,95.36499500994599,77.21373771164026,83.32399984462207,Gradient Boosting,-22.694193173353753,-22.43499500994598,-4.283737711640256,-10.393999844622059
211.3,226.23541400927616,226.2286757394789,230.54429563492056,227.59509736151765,Gradient Boosting,-14.935414009276144,-14.928675739478876,-19.244295634920547,-16.295097361517634
65.74,39.18379491968278,38.95726191198402,58.286189722222204,62.41089215884075,Gradient Boosting,26.556205080317213,26.782738088015975,7.453810277777791,3.3291078411592423
199.21,198.72695095753124,198.6973433716143,196.61756499999996,191.76625495294883,Gradient Boosting,0.4830490424687639,0.512656628385713,2.5924350000000516,7.443745047051181
182.98,187.82665486894578,187.9143429691316,184.9204656878306,187.89940691738067,Gradient Boosting,-4.846654868945791,-4.93434296913162,-1.9404656878306241,-4.919406917380684
365.7,299.2285966487321,299.08864669052764,343.8719836640213,344.18620799069464,Gradient Boosting,66.4714033512679,66.61135330947235,21.828016335978703,21.513792009305348
66.91,93.37404624214798,93.30998854574504,74.72000357142863,71.30732307991344,Gradient Boosting,-26.464046242147987,-26.399988545745046,-7.810003571428638,-4.397323079913448
34.4,19.721173243917917,19.41784726485261,34.62785789682539,41.555264673111104,Gradient Boosting,14.678826756082081,14.982152735147388,-0.22785789682539104,-7.155264673111105
247.8,203.70296083081107,204.00880087796475,191.43796748677238,212.43908518472685,Gradient Boosting,44.097039169188946,43.791199122035266,56.36203251322763,35.36091481527316
194.39,213.86594575730282,213.91173312986396,192.73917928571424,200.51041270469216,Gradient Boosting,-19.47594575730284,-19.521733129863975,1.650820714285743,-6.120412704692171
245.54,252.77312613116663,252.73973078242852,250.35094182539703,251.64258478449878,Gradient Boosting,-7.233126131166642,-7.1997307824285315,-4.8109418253970375,-6.102584784498788
162.28,150.12691693946124,150.2400032313175,147.33064012145257,145.90075795961755,Gradient Boosting,12.153083060538762,12.0399967686825,14.949359878547426,16.37924204038245
295.89,278.68528173188724,278.57866506010606,294.980428941799,299.805360493727,Gradient Boosting,17.204718268112742,17.311334939893925,0.9095710582009815,-3.9153604937270075
180.26,203.33487584042916,203.34554320268415,201.33460138888864,187.38546615429314,Gradient Boosting,-23.074875840429172,-23.085543202684164,-21.074601388888652,-7.12546615429315
119.45,134.36196858540853,134.38902962003277,133.13840982804246,126.87471678231049,Gradient Boosting,-14.91196858540853,-14.93902962003277,-13.688409828042452,-7.424716782310483
180.78,170.93483786275746,170.91707739373754,166.51635876984133,171.86138134996833,Gradient Boosting,9.84516213724254,9.862922606262458,14.263641230158669,8.918618650031675
38.76,52.00085331846208,51.45632097130469,43.81551251322754,51.4394278502419,Gradient Boosting,-13.24085331846208,-12.696320971304694,-5.055512513227541,-12.6794278502419
254.37,238.3631170554118,238.36915003116323,222.00194800061047,229.42970040539538,Gradient Boosting,16.0068829445882,16.000849968836775,32.368051999389536,24.940299594604625
113.86,148.4831624502821,148.77465763959214,142.17638876984128,127.41520112205325,Gradient Boosting,-34.623162450282095,-34.914657639592136,-28.316388769841282,-13.555201122053248
241.14,285.4885694781543,285.2263733000251,267.07248751322743,242.0938687101782,Gradient Boosting,-44.34856947815433,-44.086373300025116,-25.932487513227443,-0.9538687101782273
216.96,213.70265437080994,213.73578380044924,225.80254373015893,232.49767722696077,Gradient Boosting,3.2573456291900698,3.224216199550767,-8.842543730158923,-15.537677226960767
202.69,171.5854248234425,171.53712106167356,171.92229253968253,164.8797636159425,Gradient Boosting,31.10457517655749,31.152878938326438,30.767707460317467,37.810236384057504
46.6,54.41711195556394,54.25188619354226,50.74320722222221,60.6560760578578,Gradient Boosting,-7.817111955563938,-7.651886193542261,-4.143207222222209,-14.056076057857801
77.56,79.78289437410088,79.6539794255295,90.35131250601249,89.56542884990057,Gradient Boosting,-2.222894374100875,-2.093979425529497,-12.791312506012488,-12.005428849900568
70.72,81.55688536653551,81.82532313849153,100.94185735449739,80.62880914175743,Gradient Boosting,-10.836885366535512,-11.105323138491528,-30.221857354497388,-9.90880914175743
267.75,238.51488501484496,238.54603112169576,259.3160324735448,258.5744556953397,Gradient Boosting,29.235114985155036,29.203968878304238,8.433967526455206,9.17554430466032
210.27,185.91327999501746,185.95209576354625,178.3260912169311,186.65772896647496,Gradient Boosting,24.35672000498255,24.317904236453757,31.943908783068906,23.612271033525047
147.49,182.91187929098666,183.12608113864928,181.6651703439153,164.31303317341636,Gradient Boosting,-35.42187929098665,-35.636081138649274,-34.17517034391528,-16.82303317341635
54.0,72.02665296962736,71.69986259151068,57.540318134920646,66.37571803276543,Gradient Boosting,-18.026652969627364,-17.69986259151068,-3.5403181349206463,-12.375718032765434
130.07,120.6585385288314,120.7480518017592,122.38191677248673,114.9245522902734,Gradient Boosting,9.411461471168593,9.32194819824079,7.6880832275132605,15.145447709726596
259.6,284.1444282812458,283.9520045390098,303.5543196825401,283.9108604533296,Gradient Boosting,-24.544428281245757,-24.352004539009783,-43.954319682540074,-24.310860453329553
75.14,59.42878955589556,59.34239288752177,77.47226529100524,83.77355118563504,Gradient Boosting,15.711210444104438,15.797607112478232,-2.3322652910052426,-8.633551185635042
186.87,221.23220903325407,221.2431582175068,233.95198403439156,229.14685735563612,Gradient Boosting,-34.36220903325406,-34.373158217506784,-47.08198403439155,-42.27685735563611
179.27,181.5438843315173,181.50754691412132,164.89001564814805,177.41754361637797,Gradient Boosting,-2.27388433151728,-2.2375469141213102,14.37998435185196,1.852456383622041
118.4,130.467076576731,130.51520786357548,120.10834014550251,98.89781559635874,Gradient Boosting,-12.067076576730983,-12.115207863575478,-1.708340145502504,19.502184403641266
236.55,262.96260863387363,262.87151136488956,263.7426543217894,276.2424760865293,Gradient Boosting,-26.412608633873617,-26.321511364889545,-27.192654321789405,-39.69247608652927
110.42,103.3725577107929,103.32862181237721,110.3659099338625,99.92298185247294,Gradient Boosting,7.047442289207098,7.091378187622794,0.05409006613750478,10.497018147527058
92.44,95.09569579603811,95.19096321287167,90.88358193121691,92.95420341503541,Gradient Boosting,-2.655695796038117,-2.7509632128716675,1.5564180687830884,-0.5142034150354107
295.18,284.1767461902525,283.9608529132113,305.5609738492063,299.59844160618496,Gradient Boosting,11.003253809747491,11.219147086788723,-10.38097384920627,-4.418441606184956
237.39,235.66715315633328,235.64828117087424,251.32115186507946,225.69101142531318,Gradient Boosting,1.7228468436667015,1.7417188291257446,-13.931151865079471,11.698988574686808
173.49,159.62529567902482,159.6825045423289,167.9224026984126,173.75029285213515,Gradient Boosting,13.864704320975193,13.80749545767111,5.567597301587398,-0.2602928521351373
224.18,284.3896817509735,284.32610958306213,278.4203679761905,273.7666328017276,Gradient Boosting,-60.209681750973516,-60.14610958306213,-54.2403679761905,-49.5866328017276
203.24,232.52107128177528,232.4726275879376,211.11955407407402,221.131561691213,Gradient Boosting,-29.28107128177527,-29.2326275879376,-7.879554074074008,-17.891561691212985
221.6,198.77771853366474,198.86790637220201,207.82736226911987,209.7178422547582,Gradient Boosting,22.822281466335255,22.73209362779798,13.77263773088012,11.882157745241784
191.11,194.7838586484701,194.79473125249632,182.12274145382403,194.20998071253783,Gradient Boosting,-3.6738586484700875,-3.684731252496306,8.98725854617598,-3.099980712537814
110.63,124.6581228685535,124.63183950960257,128.7397644708994,119.78461541096281,Gradient Boosting,-14.02812286855351,-14.001839509602576,-18.109764470899393,-9.154615410962819
83.44,109.9262558497293,109.97131437798839,111.30828285714284,94.76016762603699,Gradient Boosting,-26.486255849729304,-26.531314377988394,-27.868282857142844,-11.32016762603699
242.02,251.42834472435442,251.50481115789296,240.91101341510327,232.86850925428215,Gradient Boosting,-9.408344724354407,-9.484811157892949,1.1089865848967406,9.151490745717865
223.47,255.85521488210065,255.52140016132262,233.9503565608465,238.21745760612097,Gradient Boosting,-32.385214882100655,-32.05140016132262,-10.480356560846502,-14.747457606120975
382.98,332.31052053426623,331.95421834185424,356.22526753968236,376.18472629623585,Gradient Boosting,50.66947946573379,51.025781658145775,26.754732460317655,6.795273703764167
296.3,264.61396292393675,264.7165355047326,261.0043731746032,278.9345746153569,Gradient Boosting,31.686037076063258,31.583464495267435,35.29562682539682,17.365425384643117
141.32,146.65879450447954,146.92276000008468,148.51721476190477,160.509166935471,Gradient Boosting,-5.3387945044795515,-5.602760000084686,-7.197214761904775,-19.189166935471007
142.32,140.13959019600784,140.38311100891005,142.2933979497354,151.13889850258207,Gradient Boosting,2.1804098039921485,1.936888991089944,0.02660205026458584,-8.818898502582073
305.8,255.0426424639722,254.94597505157435,274.77088952380956,286.25250105375744,Gradient Boosting,50.757357536027826,50.85402494842566,31.029110476190453,19.54749894624257
190.03,230.39453794172255,230.2419827148264,223.29802115079355,223.00693119314576,Gradient Boosting,-40.364537941722546,-40.211982714826405,-33.268021150793544,-32.97693119314576
232.4,185.1745835512481,185.41174304239553,190.57825173280415,195.96798382207385,Gradient Boosting,47.2254164487519,46.98825695760448,41.82174826719586,36.43201617792616
242.83,239.6770787874751,239.54224148380524,224.95263242063473,222.69851153364107,Gradient Boosting,3.152921212524916,3.2877585161947707,17.877367579365284,20.131488466358945
237.34,259.5892712098884,259.50734631811827,292.67799510461765,270.53711478174506,Gradient Boosting,-22.249271209888406,-22.167346318118263,-55.33799510461765,-33.19711478174506
247.13,227.73089870715359,227.88911697056685,236.24332200937968,238.5763168302361,Gradient Boosting,19.39910129284641,19.24088302943315,10.886677990620313,8.5536831697639
135.91,157.02574690652295,157.06873200830896,152.8683911772485,133.81727920394843,Gradient Boosting,-21.115746906522958,-21.15873200830896,-16.9583911772485,2.092720796051566
360.41,333.0735873516397,332.8129482180318,325.05818875661356,316.53490382050717,Gradient Boosting,27.33641264836035,27.59705178196822,35.351811243386464,43.87509617949286
241.9,256.96937287338596,256.7876556516962,226.80037218253963,236.02021763403692,Gradient Boosting,-15.069372873385959,-14.887655651696178,15.099627817460373,5.879782365963081
180.59,159.3495073740736,159.35386829903584,160.35116718253965,163.45183288629644,Gradient Boosting,21.240492625926407,21.236131700964165,20.23883281746035,17.13816711370356
130.91,117.23626645004487,117.56636308226632,117.59516937830686,120.67616426171917,Gradient Boosting,13.67373354995513,13.343636917733676,13.314830621693133,10.233835738280831
264.47,256.4635125942624,256.5222243946794,259.73415058561807,270.06491072566797,Gradient Boosting,8.00648740573763,7.947775605320601,4.73584941438196,-5.594910725667944
119.44,119.26192413710606,119.10294380533149,98.33248625661376,105.41101663262526,Gradient Boosting,0.17807586289393385,0.3370561946685058,21.107513743386235,14.028983367374735
53.3,42.85138895365016,42.4619959093569,51.09328734126984,49.8940297545259,Gradient Boosting,10.44861104634984,10.838004090643096,2.2067126587301544,3.4059702454740943
193.13,205.20931981369995,205.24322251735848,186.94544150793652,186.0990187252115,Gradient Boosting,-12.079319813699954,-12.11322251735848,6.1845584920634735,7.030981274788502
199.19,222.00150731178093,222.44253187824577,181.9445838359788,200.94545196905702,Gradient Boosting,-22.81150731178093,-23.252531878245776,17.245416164021208,-1.7554519690570203
53.04,32.124647856957324,32.03509342659257,56.698547248677244,53.86504553851697,Gradient Boosting,20.915352143042675,21.004906573407432,-3.6585472486772446,-0.8250455385169744
184.38,190.8880528614755,191.06793959860727,181.52704095238087,173.47076395905478,Gradient Boosting,-6.508052861475505,-6.687939598607272,2.852959047619123,10.909236040945217
178.63,214.8934913608765,214.87530314880266,217.5607478174604,208.2832784998714,Gradient Boosting,-36.263491360876515,-36.24530314880266,-38.9307478174604,-29.65327849987139
141.8,125.57217141128315,125.60027116358323,127.81032588143339,129.64860468279412,Gradient Boosting,16.22782858871686,16.19972883641678,13.989674118566626,12.151395317205896
178.72,159.49966954416934,159.65690962107308,168.16177888888902,163.88218603676125,Gradient Boosting,19.220330455830663,19.063090378926915,10.558221111110981,14.837813963238744
96.81,60.91121547341018,60.93895889717896,98.0531381313131,94.74188091268113,Gradient Boosting,35.89878452658982,35.87104110282104,-1.2431381313131027,2.068119087318877
89.49,104.65085117722714,104.613597205427,102.08995022486783,94.60596546397382,Gradient Boosting,-15.160851177227144,-15.123597205427004,-12.59995022486784,-5.115965463973822
143.7,140.2953389729155,140.3101960537339,150.07581030423285,146.85909225181337,Gradient Boosting,3.404661027084501,3.3898039462660847,-6.375810304232857,-3.1590922518133766
123.1,120.07415827761659,120.26492049732829,117.79554719576731,124.25102080069169,Gradient Boosting,3.0258417223834044,2.8350795026717037,5.304452804232682,-1.1510208006916969
64.74,59.91082511234214,60.08319487058091,72.69879135521883,66.90319411610098,Gradient Boosting,4.829174887657857,4.656805129419084,-7.958791355218835,-2.163194116100982
89.65,91.80745324823921,91.76245736854217,81.97615289682541,89.24346087077447,Gradient Boosting,-2.1574532482392073,-2.1124573685421666,7.6738471031745945,0.4065391292255356
148.65,180.12115267408814,180.07554507500163,200.81447761904772,182.29173462740877,Gradient Boosting,-31.47115267408813,-31.425545075001622,-52.164477619047716,-33.641734627408766
205.24,216.47831575276024,216.43628495486496,206.26065452380945,214.35801764443792,Gradient Boosting,-11.23831575276023,-11.19628495486495,-1.0206545238094407,-9.118017644437913
93.73,70.29454231014314,70.27601008166752,96.96105374338627,89.33011251416524,Gradient Boosting,23.43545768985686,23.453989918332482,-3.231053743386269,4.399887485834768
52.91,32.638295251575954,32.5274739548897,57.68301224867727,49.85932878714294,Gradient Boosting,20.271704748424042,20.382526045110296,-4.773012248677276,3.050671212857054
159.25,151.67948570245892,151.7405347689745,147.94676924603175,141.23001859606177,Gradient Boosting,7.570514297541081,7.5094652310255015,11.30323075396825,18.019981403938232
240.25,301.0106909143859,300.8070716845678,281.84837761904737,280.7555027785912,Gradient Boosting,-60.76069091438592,-60.5570716845678,-41.59837761904737,-40.50550277859122
44.45,33.33633045568925,33.127347548555576,42.45268133477633,36.85454986969628,Gradient Boosting,11.113669544310753,11.322652451444426,1.9973186652236734,7.595450130303725
156.1,166.75136345619202,166.75257228119443,183.30614857142862,177.79522614612995,Gradient Boosting,-10.65136345619203,-10.652572281194438,-27.206148571428628,-21.695226146129954
215.36,204.21949594245132,204.48685721600222,203.94292522486768,199.59914700179812,Gradient Boosting,11.140504057548696,10.873142783997793,11.417074775132335,15.760852998201898
127.46,141.70791841976902,141.92008998986182,137.0282169047619,124.90618830725035,Gradient Boosting,-14.247918419769022,-14.460089989861828,-9.568216904761911,2.5538116927496475
217.66,253.11412568765653,252.92797391786303,224.45850194444463,219.64752521057608,Gradient Boosting,-35.45412568765653,-35.26797391786303,-6.798501944444638,-1.9875252105760808
70.48,72.72137454912794,72.5726070643283,69.14866259259257,71.3205241892613,Gradient Boosting,-2.24137454912794,-2.0926070643282912,1.3313374074074318,-0.840524189261302
172.21,186.25338593515292,186.29229196331187,173.47528839947097,168.49938643117375,Gradient Boosting,-14.043385935152912,-14.08229196331186,-1.2652883994709612,3.710613568826261
283.01,229.09617311341444,229.10231164102072,251.03332395502648,253.79458283152962,Gradient Boosting,53.913826886585554,53.90768835897927,31.976676044973516,29.215417168470367
170.45,158.45664285382566,158.53259387415082,162.94903350529106,169.20356710893694,Gradient Boosting,11.993357146174333,11.917406125849169,7.500966494708933,1.2464328910630513
369.12,333.0942170661836,332.83786007769186,363.3290638095236,364.5176678485419,Gradient Boosting,36.0257829338164,36.28213992230815,5.79093619047643,4.602332151458086
85.02,92.7821530547211,92.4363126408849,87.05596662698412,94.36065455338921,Gradient Boosting,-7.762153054721111,-7.416312640884911,-2.03596662698412,-9.340654553389214
257.47,240.63430010240455,240.80383909901798,244.03007742063502,240.27615481002493,Gradient Boosting,16.835699897595475,16.66616090098205,13.439922579365003,17.193845189975093
176.43,224.8404602311835,224.6949103500682,222.19294503968268,212.58908292656264,Gradient Boosting,-48.41046023118349,-48.26491035006819,-45.76294503968268,-36.15908292656263
307.1,289.3989198162863,289.29704106038287,298.97207314814796,306.85013816219373,Gradient Boosting,17.701080183713714,17.802958939617156,8.127926851852067,0.2498618378062929
161.46,160.43166489640737,160.4511725279799,149.5522879100529,151.36678077233148,Gradient Boosting,1.0283351035926387,1.0088274720201014,11.907712089947097,10.093219227668527
155.51,160.03615731278862,160.02332689362763,161.06651793410293,160.50081058552982,Gradient Boosting,-4.5261573127886265,-4.513326893627635,-5.556517934102942,-4.990810585529829
208.15,219.05334904494356,218.98777743601997,219.44940789682542,226.95123421495774,Gradient Boosting,-10.903349044943553,-10.837777436019962,-11.299407896825414,-18.80123421495773
264.25,275.6183538599631,275.4072642256293,259.2920435978834,259.18687221260234,Gradient Boosting,-11.368353859963122,-11.15726422562932,4.957956402116622,5.0631277873976615
142.98,129.02125086867642,129.06979381911262,137.72382227513236,137.58136869887062,Gradient Boosting,13.958749131323572,13.910206180887371,5.2561777248676265,5.39863130112937
224.69,210.55014166868807,210.42728577352182,215.13449238095237,211.8973647594248,Gradient Boosting,14.139858331311927,14.262714226478181,9.555507619047631,12.792635240575208
72.17,85.39213384704992,85.49044096035136,80.5070281746032,68.23292268286521,Gradient Boosting,-13.222133847049918,-13.320440960351362,-8.337028174603205,3.9370773171347935
64.05,59.329952975054894,59.272153125963015,66.50354486772488,73.76280535271043,Gradient Boosting,4.720047024945103,4.777846874036982,-2.4535448677248866,-9.712805352710433
169.97,189.91201084531804,189.85140997353017,170.44114249278493,167.80805923546933,Gradient Boosting,-19.942010845318038,-19.881409973530168,-0.47114249278493503,2.1619407645306694
172.61,205.2313320033733,205.35724840256012,195.54535317460315,185.00596520912555,Gradient Boosting,-32.62133200337328,-32.7472484025601,-22.935353174603136,-12.395965209125535
63.37,52.96862145973816,52.78011157754902,59.37396642857139,55.13023775272637,Gradient Boosting,10.401378540261838,10.589888422450976,3.9960335714286046,8.239762247273624
200.93,204.92621383339156,205.01555753844343,200.29704698412698,194.4934695002087,Gradient Boosting,-3.9962138333915505,-4.085557538443425,0.6329530158730279,6.436530499791303
319.18,284.6246583978275,284.42409102151146,287.79030021164004,298.1065062496922,Gradient Boosting,34.55534160217252,34.75590897848855,31.389699788359962,21.07349375030782
197.98,193.95135289462027,194.0290552880222,198.79919341269851,199.1084456568475,Gradient Boosting,4.028647105379719,3.9509447119777974,-0.8191934126985245,-1.1284456568475036
99.21,100.91003650184342,101.0305748140164,108.74886448412686,109.35912262327643,Gradient Boosting,-1.700036501843428,-1.8205748140164104,-9.538864484126861,-10.14912262327644
109.87,110.50921719842242,110.68335300787606,126.01536869047617,127.84554945908948,Gradient Boosting,-0.6392171984224149,-0.81335300787606,-16.14536869047616,-17.97554945908948
188.93,192.5912447869203,192.71283045818245,205.938843068783,196.4275506366714,Gradient Boosting,-3.6612447869202924,-3.7828304581824455,-17.008843068782994,-7.497550636671406
149.08,144.01353640371866,144.04329685900692,148.80086960317462,146.9793341380398,Gradient Boosting,5.066463596281352,5.036703140993097,0.2791303968253942,2.100665861960209
186.92,184.1729260665493,184.11038748368406,183.17608608465602,192.16873178824076,Gradient Boosting,2.747073933450679,2.809612516315923,3.743913915343967,-5.248731788240775
152.77,163.9219762429833,163.9451870221462,154.64572710317464,161.743836673666,Gradient Boosting,-11.151976242983295,-11.17518702214619,-1.8757271031746257,-8.973836673666
129.22,129.67648458236968,129.72927319501048,138.50319684102922,142.49119115307678,Gradient Boosting,-0.4564845823696828,-0.5092731950104792,-9.283196841029223,-13.271191153076785
81.39,78.71893986714858,78.77352638095158,80.10921154761905,78.95748413249962,Gradient Boosting,2.671060132851423,2.6164736190484206,1.2807884523809463,2.432515867500385
47.3,27.413525065504103,27.262486114863492,48.856703611111136,48.38445926311474,Gradient Boosting,19.886474934495894,20.037513885136505,-1.5567036111111392,-1.084459263114745
158.51,130.81392391464067,130.8341163908224,141.44629896825398,139.63770832032816,Gradient Boosting,27.696076085359323,27.67588360917759,17.063701031746007,18.872291679671832
341.59,313.51301351196946,313.20950916822005,288.31775120851347,295.32563018640593,Gradient Boosting,28.076986488030514,28.380490831779923,53.272248791486504,46.264369813594044
131.35,140.35145234972444,140.33788368345483,139.38345235449742,136.05019872904202,Gradient Boosting,-9.001452349724445,-8.98788368345484,-8.033452354497427,-4.700198729042029
67.78,73.04276542545632,72.91604028073239,68.43586960317452,69.32401771349541,Gradient Boosting,-5.2627654254563225,-5.136040280732388,-0.6558696031745228,-1.544017713495407
75.18,89.76357274736874,89.4839065224092,76.01012039682543,79.34185376697756,Gradient Boosting,-14.583572747368734,-14.303906522409193,-0.8301203968254214,-4.161853766977558
81.13,102.26441858493814,102.15825636214547,80.53845539682537,87.10993013947659,Gradient Boosting,-21.134418584938146,-21.02825636214547,0.5915446031746256,-5.979930139476593
382.98,346.3972683421242,346.1617785249018,360.3698920105814,372.47703512250627,Gradient Boosting,36.5827316578758,36.8182214750982,22.610107989418623,10.502964877493753
225.54,240.69641641133813,240.6774905172477,242.7829451455026,239.5693049508102,Gradient Boosting,-15.156416411338142,-15.137490517247699,-17.242945145502603,-14.0293049508102
150.1,133.78447988159778,133.83466065363882,141.68663355820118,145.70347669644607,Gradient Boosting,16.31552011840222,16.265339346361174,8.413366441798814,4.39652330355392
252.32,236.77719868869661,236.75011858438842,206.30389079365088,217.46453014003814,Gradient Boosting,15.542801311303378,15.569881415611576,46.016109206349114,34.85546985996186
292.92,300.4499474368864,300.21072752477244,308.567516177249,292.44366350672937,Gradient Boosting,-7.529947436886403,-7.2907275247724215,-15.647516177248974,0.47633649327065086
143.51,165.30127149136726,165.3199647833895,167.86291982804232,167.28353039900503,Gradient Boosting,-21.79127149136727,-21.809964783389518,-24.35291982804233,-23.77353039900504
82.74,48.427326931108894,48.388115641274425,85.22929685185181,74.61351887331965,Gradient Boosting,34.3126730688911,34.35188435872557,-2.489296851851819,8.126481126680346
113.51,108.8159459318502,108.8157722434849,119.76445734848487,118.51538328795993,Gradient Boosting,4.694054068149811,4.6942277565151045,-6.254457348484863,-5.00538328795993
70.09,82.43215437095444,82.77718357182457,73.29670083333329,79.04668334928176,Gradient Boosting,-12.342154370954432,-12.687183571824562,-3.2067008333332865,-8.95668334928176
202.31,205.97351933462824,205.9291084354024,209.33701853174597,213.12573011837318,Gradient Boosting,-3.6635193346282335,-3.61910843540241,-7.027018531745966,-10.815730118373182
132.23,116.39184401157524,116.39460859560404,116.66428908730161,114.91516148568087,Gradient Boosting,15.838155988424745,15.83539140439595,15.565710912698378,17.31483851431912
382.98,332.06490907027114,331.8168956067203,379.12826571428496,368.48283653493445,Gradient Boosting,50.915090929728876,51.163104393279696,3.851734285715054,14.497163465065569
117.26,117.39026730347993,117.45599776764122,131.7414763359789,119.84531830685638,Gradient Boosting,-0.13026730347992554,-0.19599776764121657,-14.481476335978883,-2.5853183068563794
195.79,208.9214956551859,208.86201494876008,194.20065678571427,187.69183985547835,Gradient Boosting,-13.131495655185915,-13.072014948760085,1.5893432142857193,8.098160144521643
107.11,97.67930916892712,97.859958597871,93.89667698412694,96.6966505772478,Gradient Boosting,9.43069083107288,9.250041402129,13.213323015873058,10.413349422752205
238.86,249.73972173116346,249.5883906912532,229.72737234126996,244.875013752864,Gradient Boosting,-10.879721731163443,-10.728390691253196,9.132627658730058,-6.015013752863979
141.21,203.44792719476533,203.27216443578104,161.8472999338623,153.66857981064882,Gradient Boosting,-62.23792719476532,-62.06216443578103,-20.637299933862295,-12.458579810648814
44.62,32.87060933478534,32.87947691214478,47.12065465848963,51.159519515392546,Gradient Boosting,11.749390665214655,11.740523087855216,-2.50065465848963,-6.5395195153925485
150.31,165.3099838093564,165.54561016888468,146.19044462602213,147.2654159797826,Gradient Boosting,-14.999983809356394,-15.235610168884676,4.1195553739778745,3.0445840202173997
178.32,184.49245559245898,184.39521386654732,173.99222750000004,164.82921270456546,Gradient Boosting,-6.172455592458988,-6.07521386654733,4.327772499999952,13.49078729543453
272.72,308.7137054227686,308.39854885016223,289.12120948412706,274.2553007399673,Gradient Boosting,-35.993705422768585,-35.6785488501622,-16.401209484127037,-1.5353007399672833
205.1,215.42039148589507,215.4576021870982,200.80466994709002,210.14727085662255,Gradient Boosting,-10.320391485895072,-10.357602187098195,4.295330052909975,-5.047270856622561
203.58,202.64985212410096,202.66896274825447,216.6212766534391,212.9998595115787,Gradient Boosting,0.9301478758990527,0.9110372517455403,-13.041276653439098,-9.419859511578693
184.48,184.35765945617817,184.3035010700377,191.44764806878302,184.26086313776665,Gradient Boosting,0.1223405438218208,0.17649892996229255,-6.967648068783035,0.2191368622333414
324.13,290.93887993400705,290.76818182949944,322.03320952380955,317.8431801657359,Gradient Boosting,33.19112006599295,33.361818170500555,2.0967904761904492,6.286819834264122
200.09,204.0406802752737,204.15976330844475,191.1461545238095,200.49648035690277,Gradient Boosting,-3.9506802752736974,-4.069763308444749,8.94384547619049,-0.40648035690276174
133.33,177.7783058262196,177.8742072621902,169.59486679894172,160.9757212614185,Gradient Boosting,-44.44830582621958,-44.544207262190184,-36.26486679894171,-27.645721261418487
271.9,243.64563185207754,243.6336416464874,260.54107948412724,256.3709592410001,Gradient Boosting,28.254368147922435,28.266358353512572,11.35892051587274,15.529040758999884
165.39,165.93333276162525,165.98922584417429,168.1456878439154,168.95848873828035,Gradient Boosting,-0.5433327616252654,-0.599225844174299,-2.7556878439154104,-3.568488738280365
166.35,224.24707872735374,224.19396082483775,205.833962010582,202.15777229167728,Gradient Boosting,-57.897078727353744,-57.84396082483775,-39.48396201058202,-35.80777229167728
118.28,108.66935082316466,108.67834349349391,130.3165771428572,117.06591975368687,Gradient Boosting,9.610649176835338,9.601656506506089,-12.036577142857197,1.2140802463131308
172.57,184.56943694940392,184.4893505719904,179.67364269841275,192.30891057088272,Gradient Boosting,-11.999436949403929,-11.919350571990407,-7.103642698412756,-19.738910570882723
132.84,135.49501022969707,135.5141491156966,131.37708697570952,125.68727525253435,Gradient Boosting,-2.6550102296970692,-2.6741491156965935,1.4629130242904864,7.152724747465655
90.85,104.64116385945556,104.67768270840506,97.34065920634922,102.17317502691752,Gradient Boosting,-13.791163859455565,-13.827682708405064,-6.490659206349221,-11.323175026917525
79.06,75.09024554438567,75.16624354211696,84.05568135882636,79.13090209877325,Gradient Boosting,3.9697544556143356,3.8937564578830433,-4.99568135882636,-0.07090209877324583
190.69,225.16123390620555,224.9572190872147,189.0473690608465,183.01578041877625,Gradient Boosting,-34.471233906205555,-34.2672190872147,1.6426309391534915,7.674219581223753
160.6,160.61407091596948,160.59154653050388,166.51856522486764,167.32234414662418,Gradient Boosting,-0.014070915969483622,0.008453469496117805,-5.918565224867649,-6.722344146624181
236.37,220.20867056576424,220.18680248846795,220.6770123929776,229.87538652620032,Gradient Boosting,16.161329434235768,16.183197511532057,15.692987607022417,6.494613473799689
151.5,141.44755707942764,141.76943953179264,140.40409019841263,134.3981341249053,Gradient Boosting,10.05244292057236,9.730560468207358,11.095909801587368,17.10186587509469
65.67,60.1639617435886,60.29805666454844,66.965411468254,61.70583186859215,Gradient Boosting,5.506038256411401,5.3719433354515616,-1.2954114682540023,3.9641681314078525
176.89,170.02162570921112,170.10524879658402,167.58208382275123,163.31255830557507,Gradient Boosting,6.868374290788864,6.784751203415965,9.307916177248757,13.57744169442492
229.02,227.25770581362028,227.23873318032298,252.80755920634905,239.63234047717953,Gradient Boosting,1.7622941863797337,1.781266819677029,-23.787559206349044,-10.612340477179515
208.81,208.76801361789003,208.7338737631523,203.42013662698412,204.41442027456785,Gradient Boosting,0.04198638210996819,0.07612623684769915,5.389863373015885,4.395579725432157
134.27,168.84763940015452,169.0097793928543,151.45919254329004,149.36948102929432,Gradient Boosting,-34.57763940015451,-34.7397793928543,-17.189192543290034,-15.09948102929431
64.87,51.36579306381715,51.361255281404766,61.053587777777736,62.42867856982074,Gradient Boosting,13.504206936182854,13.508744718595239,3.8164122222222687,2.441321430179265
382.98,384.4714845062343,383.90057320404605,377.177004325396,380.104088596181,Gradient Boosting,-1.4914845062342579,-0.9205732040460362,5.802995674604006,2.875911403819032
172.41,192.77741693788266,193.06692611338386,166.42740566137573,163.74374489778728,Gradient Boosting,-20.367416937882666,-20.65692611338386,5.982594338624267,8.666255102212716
208.71,225.75784593975243,225.7148807197907,247.57733833333356,245.8565163864253,Gradient Boosting,-17.04784593975242,-17.00488071979069,-38.86733833333355,-37.146516386425304
143.0,137.6141771109028,137.63685094559597,135.7570830820106,137.47860137901458,Gradient Boosting,5.385822889097199,5.363149054404033,7.24291691798939,5.521398620985423
239.2,258.7486216931623,258.62590322710867,248.1843182275132,245.46539087931592,Gradient Boosting,-19.548621693162318,-19.425903227108677,-8.9843182275132,-6.26539087931593
144.27,140.34717657566605,140.4891645926952,145.04787210317457,142.52329669365935,Gradient Boosting,3.9228234243339557,3.7808354073048065,-0.777872103174559,1.7467033063406632
147.34,164.33327026770831,164.51724281945684,136.4882089502164,144.9941821971882,Gradient Boosting,-16.99327026770831,-17.177242819456836,10.8517910497836,2.3458178028118084
140.08,135.1436751580595,135.35718420885613,135.3671128703704,146.89804064826092,Gradient Boosting,4.936324841940518,4.722815791143887,4.712887129629621,-6.818040648260904
134.34,130.32943358528576,130.45454681473137,146.44067965608465,132.4870746892151,Gradient Boosting,4.010566414714248,3.8854531852686307,-12.100679656084651,1.8529253107849115
166.31,159.18494454459244,159.2303921521557,168.40178338143335,163.08428665235544,Gradient Boosting,7.125055455407562,7.079607847844301,-2.091783381433345,3.2257133476445574
145.43,144.1270640395047,144.26894203648268,136.49916828042325,148.64202742802593,Gradient Boosting,1.3029359604953186,1.1610579635173224,8.930831719576759,-3.2120274280259196
123.7,139.31882440067758,139.43503596248428,132.11824067460316,128.308354233317,Gradient Boosting,-15.618824400677582,-15.735035962484275,-8.418240674603155,-4.608354233317002
269.21,252.69743430996988,252.6063665262402,241.4770075000001,254.9973115952725,Gradient Boosting,16.5125656900301,16.60363347375977,27.73299249999988,14.212688404727487
83.57,92.99596540280064,93.02277618822455,107.88893630952383,96.31818808941811,Gradient Boosting,-9.425965402800642,-9.452776188224561,-24.318936309523835,-12.748188089418122
153.34,150.57977036425928,150.638143604497,148.0549809920636,159.91876833806674,Gradient Boosting,2.7602296357407283,2.7018563955030004,5.285019007936398,-6.578768338066737
173.45,159.69303638371179,159.772440898893,145.05138769841267,146.83317214325183,Gradient Boosting,13.756963616288203,13.677559101106993,28.39861230158732,26.61682785674816
208.74,205.17133494331222,205.15751252503946,210.36379062169325,222.13355410001034,Gradient Boosting,3.5686650566877915,3.582487474960544,-1.6237906216932458,-13.393554100010334
269.14,208.60481671403357,208.5587144714517,217.6450619576718,216.73818268804771,Gradient Boosting,60.53518328596641,60.58128552854828,51.49493804232819,52.40181731195227
94.6,80.53947802502934,80.53433627885379,97.94061804232804,92.43367336921229,Gradient Boosting,14.060521974970655,14.065663721146208,-3.340618042328046,2.166326630787708
189.85,257.4376613629137,257.3347179697338,240.49368206349212,228.67267848934182,Gradient Boosting,-67.58766136291368,-67.4847179697338,-50.64368206349212,-38.822678489341826
184.91,199.9393426734482,199.992910141079,201.38294779100545,205.48301207928895,Gradient Boosting,-15.029342673448213,-15.082910141078997,-16.472947791005453,-20.573012079288958
78.83,46.41916014344861,46.46226375001851,60.772183796296304,72.13328532074196,Gradient Boosting,32.41083985655139,32.36773624998149,18.057816203703695,6.6967146792580365
97.65,107.78814620865361,107.85353972728029,124.02185796296301,109.57580187366186,Gradient Boosting,-10.138146208653609,-10.203539727280287,-26.371857962963006,-11.925801873661854
61.93,36.054673960974554,36.07777478609542,60.69051249999997,43.9105180856382,Gradient Boosting,25.875326039025445,25.852225213904582,1.2394875000000312,18.019481914361798
107.76,129.85750550045978,130.22844575151714,107.21836187830687,111.7551034900201,Gradient Boosting,-22.097505500459775,-22.468445751517137,0.5416381216931399,-3.9951034900200995
80.94,87.24190449691551,87.17531557458946,86.822288373016,92.50868742180872,Gradient Boosting,-6.301904496915512,-6.235315574589464,-5.882288373015996,-11.568687421808718
221.67,172.00374746978505,172.07921955651415,183.17478042328042,190.63728391071962,Gradient Boosting,49.66625253021493,49.59078044348584,38.49521957671956,31.03271608928037
57.0,66.9383632605821,66.76516721782409,59.966721859066844,69.88179878236492,Gradient Boosting,-9.938363260582094,-9.765167217824086,-2.966721859066844,-12.881798782364925
149.71,167.27962058567874,167.2577023944082,161.14565508213997,149.95863637096747,Gradient Boosting,-17.569620585678734,-17.54770239440819,-11.43565508213996,-0.2486363709674606
167.0,172.84072480823846,172.8227361899168,177.88269956349208,169.55300172488265,Gradient Boosting,-5.840724808238463,-5.82273618991681,-10.882699563492082,-2.553001724882648
171.28,162.54948600318542,162.5428776385928,162.08562235449733,163.04762078565145,Gradient Boosting,8.73051399681458,8.737122361407188,9.19437764550267,8.232379214348555
84.12,79.49929602478909,79.45523496708677,85.69013658730154,75.7597967080639,Gradient Boosting,4.620703975210915,4.6647650329132375,-1.5701365873015334,8.360203291936102
210.11,201.51408066528342,201.45764135038294,202.09070354978363,190.69420659368598,Gradient Boosting,8.595919334716598,8.65235864961707,8.019296450216387,19.415793406314037
172.78,174.79651741266005,174.862794561215,157.73562444444448,158.20364621919575,Gradient Boosting,-2.0165174126600505,-2.082794561214996,15.044375555555519,14.576353780804254
104.22,152.24805030471015,152.3729632930537,154.59008897065897,132.05079219888464,Gradient Boosting,-48.02805030471015,-48.15296329305369,-50.37008897065897,-27.830792198884637
94.7,96.9045499361103,96.99675367792699,94.83151769841265,103.33070353133391,Gradient Boosting,-2.204549936110297,-2.2967536779269864,-0.13151769841265093,-8.630703531333907
280.02,332.40438950637264,332.0417819941419,320.8653491269842,319.9170590091818,Gradient Boosting,-52.384389506372656,-52.02178199414192,-40.84534912698422,-39.89705900918182
142.22,126.15752775921449,126.08581206043178,123.05871177248665,129.06351007770238,Gradient Boosting,16.06247224078551,16.13418793956822,19.161288227513353,13.156489922297624
131.62,149.63286207849998,149.57921507323442,129.87882853174602,137.12957174468855,Gradient Boosting,-18.01286207849998,-17.959215073234418,1.741171468253981,-5.509571744688543
367.62,334.77773413367225,334.56888421950714,362.7461919841266,353.5994604064003,Gradient Boosting,32.84226586632775,33.051115780492864,4.873808015873408,14.020539593599722
234.8,271.8921250874631,271.832410011427,277.938272579365,276.8781014022747,Gradient Boosting,-37.0921250874631,-37.032410011426975,-43.13827257936498,-42.07810140227468
128.0,115.28774475429297,115.35628503384741,131.33178256613766,119.2396896736036,Gradient Boosting,12.712255245707027,12.643714966152586,-3.3317825661376617,8.760310326396393
120.07,110.38556882100036,110.382024040645,108.77904387566144,109.47848258977558,Gradient Boosting,9.684431178999631,9.687975959354986,11.29095612433855,10.591517410224412
188.25,198.83203510295903,198.81633159634842,191.56719838624335,189.93902473809254,Gradient Boosting,-10.582035102959026,-10.56633159634842,-3.317198386243348,-1.6890247380925416
131.19,127.51680071626254,127.55619882548402,136.07979875541116,132.48633029742794,Gradient Boosting,3.6731992837374605,3.6338011745159804,-4.889798755411164,-1.296330297427943
183.28,208.61706394383336,208.37854404651128,174.59948862433873,171.91804243733242,Gradient Boosting,-25.337063943833357,-25.09854404651128,8.680511375661268,11.361957562667584
160.78,155.4898574800014,155.49435243665306,149.68037485449727,154.61651610331256,Gradient Boosting,5.2901425199985965,5.2856475633469415,11.099625145502728,6.163483896687438
208.58,198.29464955617476,198.25448923522424,188.82859493386238,200.32675876669546,Gradient Boosting,10.285350443825251,10.325510764775771,19.751405066137636,8.25324123330455
304.93,324.4348352217396,324.1778047736718,360.9046516534387,345.36362037407264,Gradient Boosting,-19.504835221739597,-19.247804773671817,-55.974651653438684,-40.43362037407263
77.47,78.13747093136155,78.13617798669928,100.30591387566136,78.80092455476824,Gradient Boosting,-0.6674709313615494,-0.6661779866992816,-22.83591387566136,-1.3309245547682451
161.33,182.7398573041929,182.6837398807572,181.50850316738817,174.28159638812278,Gradient Boosting,-21.409857304192883,-21.35373988075719,-20.178503167388158,-12.951596388122766
111.32,94.9333604135737,95.26263103788256,98.49677436507939,96.31720808600203,Gradient Boosting,16.3866395864263,16.057368962117437,12.823225634920604,15.002791913997967
242.38,209.5462619742932,209.45301791045733,193.0495901190476,195.85651620078764,Gradient Boosting,32.83373802570679,32.92698208954266,49.3304098809524,46.52348379921236
143.27,148.97573904195053,148.95433753583,160.69159653439164,149.95848969813426,Gradient Boosting,-5.7057390419505225,-5.684337535829997,-17.421596534391625,-6.688489698134248
258.11,255.0376774491507,254.98667925611238,242.49889304232804,248.03675133588516,Gradient Boosting,3.0723225508493215,3.123320743887632,15.611106957671979,10.073248664114857
157.65,156.67663907173036,156.65654441238436,152.82590788359795,152.16380956819236,Gradient Boosting,0.973360928269642,0.9934555876156423,4.824092116402056,5.486190431807643
134.98,167.75870902380623,167.81171376725806,173.2468513888889,156.19500424574252,Gradient Boosting,-32.77870902380624,-32.831713767258066,-38.26685138888891,-21.215004245742534
151.83,157.6284608966025,157.8491563616362,164.27592099206342,151.15494638015872,Gradient Boosting,-5.798460896602478,-6.019156361636192,-12.445920992063407,0.6750536198412931
127.72,122.62852557847846,122.69249998506459,125.25394388888883,135.63559356694705,Gradient Boosting,5.091474421521539,5.027500014935413,2.466056111111172,-7.915593566947052
105.99,134.06167417820345,133.9529369667892,116.802978452381,116.89971053353477,Gradient Boosting,-28.071674178203452,-27.9629369667892,-10.812978452381003,-10.909710533534778
38.2,25.339443575763255,25.255466739668123,52.372846679894195,44.4939353749493,Gradient Boosting,12.860556424236748,12.94453326033188,-14.172846679894192,-6.293935374949299
137.92,140.03427702444398,140.0570033407466,130.01090444444435,135.25554880555154,Gradient Boosting,-2.114277024443993,-2.1370033407466167,7.909095555555638,2.6644511944484464
239.02,217.87940298170994,217.74050442651728,214.1967872222223,211.6575840601645,Gradient Boosting,21.140597018290066,21.279495573482734,24.823212777777712,27.3624159398355
164.45,190.66852482362344,190.6998720623581,197.55390129629626,190.99714021144933,Gradient Boosting,-26.218524823623454,-26.249872062358122,-33.10390129629627,-26.547140211449346
73.76,62.21354032927039,62.16273262047302,77.82128687830689,75.39939053343066,Gradient Boosting,11.546459670729618,11.597267379526983,-4.061286878306888,-1.6393905334306567
73.66,79.64950859172617,79.50881747256308,81.54929054232802,74.32387616014664,Gradient Boosting,-5.989508591726178,-5.848817472563084,-7.889290542328027,-0.6638761601466427
185.73,190.17849858046253,190.1730191611235,189.687436005291,201.59141341885038,Gradient Boosting,-4.448498580462541,-4.443019161123516,-3.957436005291015,-15.86141341885039
166.94,175.26589266382757,175.54680206755023,149.54866473544968,157.61236017913387,Gradient Boosting,-8.325892663827574,-8.606802067550234,17.39133526455032,9.327639820866125
200.71,220.16878344673773,220.2420463092747,221.2342295238097,213.47279292511948,Gradient Boosting,-19.458783446737726,-19.532046309274705,-20.52422952380968,-12.76279292511947
252.41,234.51829997713025,234.4633895231039,235.52298772486785,242.38197969767745,Gradient Boosting,17.891700022869742,17.946610476896097,16.88701227513215,10.028020302322545
267.46,248.6210342757393,248.59465044628575,272.7177611507937,278.7679220193263,Gradient Boosting,18.838965724260675,18.865349553714225,-5.257761150793726,-11.307922019326327
219.07,221.78017488575387,221.84644210390402,216.18407869047618,202.841009179391,Gradient Boosting,-2.7101748857538723,-2.7764421039040315,2.885921309523809,16.228990820609
232.63,229.17666378315852,229.24907110654254,229.03272567460314,239.700461726614,Gradient Boosting,3.4533362168414783,3.380928893457451,3.597274325396853,-7.070461726614013
145.51,147.02155616177498,147.21602919268025,136.7402864381915,131.77400218064204,Gradient Boosting,-1.5115561617749904,-1.706029192680262,8.769713561808487,13.735997819357948
176.45,243.09749276696257,243.0758038116839,245.68987481481503,215.66420150403664,Gradient Boosting,-66.64749276696259,-66.62580381168391,-69.23987481481504,-39.21420150403665
119.3,140.40497985815716,140.45114486220464,127.09657391534391,128.62460359150109,Gradient Boosting,-21.104979858157165,-21.151144862204646,-7.796573915343913,-9.324603591501088
200.6,176.05556385307258,176.27341758729173,184.75246243386243,182.0340435793688,Gradient Boosting,24.54443614692741,24.326582412708262,15.84753756613756,18.56595642063118
68.95,73.5798852954497,73.69095097663106,78.0770494047619,82.82957526334438,Gradient Boosting,-4.6298852954496965,-4.740950976631055,-9.127049404761891,-13.879575263344378
107.82,114.20076989738033,114.56260671793095,109.88226976190475,113.66500305313026,Gradient Boosting,-6.380769897380333,-6.742606717930954,-2.0622697619047585,-5.84500305313027
68.98,55.77161268950822,55.66059968361533,61.08632297619047,65.97853140136128,Gradient Boosting,13.208387310491787,13.319400316384673,7.893677023809531,3.0014685986387235
197.19,194.5505381786454,194.58867139176326,180.96319743386232,181.95783116924247,Gradient Boosting,2.639461821354587,2.6013286082367415,16.22680256613768,15.23216883075753
73.65,77.27177663448079,77.55806812832303,74.7807448809524,70.58700582619613,Gradient Boosting,-3.6217766344807814,-3.9080681283230234,-1.130744880952392,3.0629941738038724
63.14,71.15221082169855,70.87197149149097,59.22911763227519,54.34589772392388,Gradient Boosting,-8.012210821698545,-7.731971491490967,3.9108823677248097,8.794102276076117
212.78,219.2605478474593,219.48379514330577,208.66915460317466,203.59535327828934,Gradient Boosting,-6.480547847459292,-6.7037951433057685,4.11084539682534,9.184646721710664
193.26,188.22751186046142,188.28198787719177,174.54608449735449,188.3833086985552,Gradient Boosting,5.032488139538572,4.978012122808224,18.713915502645506,4.876691301444794
333.27,312.32334299680605,312.05116438820835,312.6007602777779,302.3283772388206,Gradient Boosting,20.946657003193934,21.218835611791633,20.669239722222073,30.94162276117936
286.57,231.1518474327899,231.0972168573312,260.7896193650793,259.31873777200565,Gradient Boosting,55.418152567210086,55.47278314266879,25.780380634920675,27.251262227994346
128.85,138.60939488060032,138.74822645575682,131.36057440476193,132.4873867897539,Gradient Boosting,-9.759394880600325,-9.898226455756827,-2.5105744047619396,-3.6373867897539185
150.88,167.10569903089538,167.0904654639689,166.37340921957656,150.12949293559572,Gradient Boosting,-16.225699030895385,-16.210465463968916,-15.493409219576563,0.7505070644042746
111.02,126.2525045364507,126.24228294719715,108.60640164021167,106.39875556845531,Gradient Boosting,-15.232504536450705,-15.222282947197158,2.413598359788324,4.621244431544682
120.45,151.44591436230266,151.542546303392,136.37480035714285,128.6737060795854,Gradient Boosting,-30.995914362302656,-31.092546303391984,-15.924800357142843,-8.223706079585398
109.73,108.03757968300718,108.26541559208252,108.38020686507939,100.05701913083388,Gradient Boosting,1.6924203169928234,1.464584407917485,1.349793134920617,9.672980869166125
129.3,151.81374823628192,152.00732255730995,141.0455740740741,136.89777499081623,Gradient Boosting,-22.513748236281913,-22.707322557309936,-11.745574074074085,-7.5977749908162195
282.71,228.0922532982482,228.0940015297037,262.10085685185186,246.294691693383,Gradient Boosting,54.61774670175177,54.61599847029629,20.60914314814812,36.41530830661699
344.53,282.6377874229039,282.49975417818314,314.3612378439153,309.4634887833092,Gradient Boosting,61.892212577096075,62.030245821816834,30.168762156084654,35.0665112166908
120.29,111.89059686347736,111.90716155244431,126.24567612433874,102.28838773979429,Gradient Boosting,8.39940313652265,8.382838447555699,-5.955676124338737,18.001612260205718
129.5,132.00521981470777,131.9266333732849,112.25596182539681,120.59275172634432,Gradient Boosting,-2.5052198147077718,-2.4266333732848864,17.24403817460319,8.907248273655682
201.57,259.1791956907417,259.0264303490793,233.60284222222228,223.1826528174545,Gradient Boosting,-57.60919569074173,-57.45643034907931,-32.032842222222285,-21.612652817454517
302.14,264.26411575080743,264.16134058785246,260.0431807010582,275.38741139771923,Gradient Boosting,37.87588424919255,37.97865941214752,42.096819298941796,26.752588602280753
54.44,52.74393260345232,52.51059505528417,56.71134908730158,55.71788176202928,Gradient Boosting,1.6960673965476758,1.9294049447158272,-2.27134908730158,-1.2778817620292813
138.09,151.93401943634134,151.89302960217137,147.50692978715713,139.32501072345613,Gradient Boosting,-13.844019436341341,-13.803029602171364,-9.41692978715713,-1.2350107234561278
142.37,126.95843044108105,127.05770239542116,135.01989746031748,135.62378256006278,Gradient Boosting,15.411569558918956,15.312297604578845,7.350102539682524,6.746217439937226
347.35,322.65082533789257,322.3012878055345,304.32097079605575,313.7698536422771,Gradient Boosting,24.699174662107453,25.04871219446551,43.029029203944276,33.580146357722924
70.99,67.4609789359543,67.7843027370506,73.63167915343921,71.58402194988423,Gradient Boosting,3.5290210640456934,3.2056972629494,-2.6416791534392132,-0.5940219498842367
133.38,127.53547764039962,127.54563575851562,140.7203954761905,136.64616844779334,Gradient Boosting,5.844522359600376,5.83436424148438,-7.340395476190508,-3.2661684477933477
199.2,205.58717942105807,205.7017912988581,189.35486821428574,191.32391228038975,Gradient Boosting,-6.387179421058079,-6.501791298858109,9.845131785714244,7.87608771961024
194.78,207.73898302867465,207.8520857434417,202.86289414021164,206.45594988825073,Gradient Boosting,-12.958983028674652,-13.072085743441704,-8.082894140211636,-11.675949888250727
115.17,143.48182718557948,143.4381805819291,138.64742757936503,137.07824766481332,Gradient Boosting,-28.311827185579475,-28.268180581929087,-23.477427579365028,-21.908247664813317
252.96,275.0295440620212,274.78115120551894,256.82834231481456,268.1889629238659,Gradient Boosting,-22.069544062021208,-21.82115120551893,-3.868342314814555,-15.228962923865907
152.0,190.2196802430211,190.2958132509839,190.82694702380948,190.96558222374443,Gradient Boosting,-38.21968024302109,-38.29581325098391,-38.82694702380948,-38.965582223744434
352.37,248.3975485998851,248.32330629582543,276.24369126984135,271.80017060500523,Gradient Boosting,103.97245140011489,104.04669370417457,76.12630873015866,80.56982939499477
109.57,99.82277613306604,99.9180516688667,103.34320427248674,104.06200464155425,Gradient Boosting,9.74722386693395,9.651948331133298,6.226795727513249,5.50799535844574
313.55,283.4299786676665,283.22201321438433,303.03597181216935,302.32801127874677,Gradient Boosting,30.120021332333522,30.32798678561568,10.514028187830661,11.22198872125324
249.75,250.35741026406532,250.27250091246293,247.58389063492072,247.86756676464526,Gradient Boosting,-0.6074102640653223,-0.522500912462931,2.1661093650792793,1.882433235354739
161.71,203.06996768719117,203.05763463818667,178.0729878968253,172.90555192218537,Gradient Boosting,-41.35996768719116,-41.34763463818666,-16.362987896825302,-11.19555192218536
114.46,147.90153911314354,147.86743245009268,128.15538165343912,135.52927621480066,Gradient Boosting,-33.44153911314355,-33.407432450092685,-13.695381653439128,-21.069276214800666
141.19,144.26448480676984,144.2955518682334,146.4918587301587,145.78616393666482,Gradient Boosting,-3.0744848067698456,-3.105551868233391,-5.301858730158699,-4.596163936664823
196.77,181.7592647190513,181.76021646147194,188.6809154761905,186.54389058586523,Gradient Boosting,15.010735280948722,15.009783538528069,8.089084523809504,10.226109414134783
273.6,276.44878156142465,276.2843165845085,307.4317049470899,302.6344301038467,Gradient Boosting,-2.84878156142463,-2.6843165845084513,-33.83170494708986,-29.03443010384666
123.05,98.52899646269144,98.52071571949797,106.98198746031734,114.13329210932844,Gradient Boosting,24.52100353730856,24.529284280502026,16.068012539682655,8.91670789067156
82.59,100.69052463242338,100.60446170353868,83.45263699735445,90.17568479310322,Gradient Boosting,-18.100524632423372,-18.01446170353867,-0.8626369973544428,-7.585684793103212
260.73,231.952280047854,232.0027781045435,233.3192498809526,217.1649147041079,Gradient Boosting,28.777719952146015,28.727221895456523,27.410750119047407,43.56508529589212
233.75,221.83789925212574,221.9015185853494,252.65096956108707,242.3329727741227,Gradient Boosting,11.912100747874263,11.848481414650593,-18.900969561087066,-8.582972774122709
149.78,164.39553704284498,164.22982455041262,153.42594026455032,145.51588700147366,Gradient Boosting,-14.615537042844977,-14.449824550412615,-3.645940264550319,4.264112998526343
129.31,128.327512096346,128.33796405803642,135.46588384920642,137.08301338527338,Gradient Boosting,0.982487903654004,0.9720359419635827,-6.155883849206418,-7.773013385273373
65.6,59.56837071560446,59.834425437808065,59.903895582010556,63.481327075325204,Gradient Boosting,6.031629284395535,5.765574562191929,5.696104417989439,2.11867292467479
77.45,88.13383024259329,88.20620168242634,79.76128941798943,84.5929387825208,Gradient Boosting,-10.683830242593288,-10.756201682426337,-2.3112894179894283,-7.142938782520801
369.8,310.8469994343959,310.82273510022503,317.3804514021165,310.01063173113124,Gradient Boosting,58.9530005656041,58.97726489977498,52.419548597883534,59.78936826886877
172.46,211.96737205513915,211.98703903939023,192.80984705026466,188.6482630514604,Gradient Boosting,-39.50737205513914,-39.52703903939022,-20.349847050264657,-16.188263051460382
128.02,105.95641718109488,105.8971312732103,111.5189479401154,104.62440649790163,Gradient Boosting,22.063582818905132,22.122868726789704,16.501052059884614,23.39559350209838
200.96,203.1788266073478,203.40089756938886,223.34682899470906,212.86273244851046,Gradient Boosting,-2.218826607347779,-2.440897569388852,-22.38682899470905,-11.902732448510449
186.02,201.14830686192897,201.12974040252215,182.57671858262103,188.91576440403603,Gradient Boosting,-15.128306861928962,-15.109740402522135,3.4432814173789836,-2.895764404036015
234.94,194.13641821001406,194.27482853883046,192.76642917989415,197.79107810503328,Gradient Boosting,40.80358178998594,40.665171461169535,42.17357082010585,37.14892189496672
50.03,45.74739694571326,45.44027916015317,52.41789867724871,48.56045767237757,Gradient Boosting,4.282603054286739,4.589720839846834,-2.3878986772487067,1.4695423276224346
269.56,238.8115761093457,238.85460286798588,239.0803055026455,240.53922671200402,Gradient Boosting,30.748423890654294,30.705397132014127,30.4796944973545,29.02077328799598
102.19,111.937882924935,112.00910460878197,100.6142134391534,93.84907709979134,Gradient Boosting,-9.747882924934999,-9.81910460878197,1.5757865608465949,8.340922900208653
235.58,220.7938513570191,220.7804356998675,243.52749178571432,236.0489143290888,Gradient Boosting,14.786148642980919,14.799564300132516,-7.9474917857143055,-0.4689143290887898
362.81,330.4267705192739,330.03887491281677,326.76591789682533,332.03887775475386,Gradient Boosting,32.38322948072613,32.771125087183236,36.044082103174674,30.771122245246147
180.35,198.12331308919633,198.12141232089232,194.20072493867244,187.81366384391657,Gradient Boosting,-17.773313089196336,-17.771412320892324,-13.850724938672442,-7.463663843916578
110.85,102.97980773249421,102.88297370339933,101.21996518518515,110.90278082778548,Gradient Boosting,7.870192267505786,7.967026296600665,9.630034814814849,-0.0527808277854831
177.32,158.8889279100536,158.96556942934336,154.71209174603186,159.63559163386842,Gradient Boosting,18.431072089946383,18.354430570656632,22.607908253968134,17.684408366131578
214.15,202.79792495788297,202.79084491935458,226.9180087566138,215.84343511253795,Gradient Boosting,11.352075042117036,11.359155080645422,-12.768008756613796,-1.6934351125379408
147.15,188.78430330195368,188.7110118838483,180.3682142063494,161.79381140771494,Gradient Boosting,-41.63430330195368,-41.561011883848295,-33.21821420634939,-14.643811407714935
224.2,230.41469014874085,230.42549024001394,230.0051423316499,224.66678657167333,Gradient Boosting,-6.214690148740857,-6.225490240013954,-5.805142331649904,-0.4667865716733388
98.46,113.54298340493318,113.69338629920048,111.08017572751322,100.63237237383912,Gradient Boosting,-15.082983404933188,-15.23338629920049,-12.620175727513228,-2.1723723738391243
186.42,162.70241692659198,162.91594143361615,153.19153575396834,166.08450004942156,Gradient Boosting,23.717583073408008,23.504058566383833,33.22846424603165,20.335499950578424
270.95,275.2749225652556,275.2083465085641,253.20723514550264,253.4265642679636,Gradient Boosting,-4.324922565255633,-4.258346508564102,17.742764854497352,17.523435732036376
142.87,187.31342487351287,187.42945645156988,160.8465386507936,156.67720109743624,Gradient Boosting,-44.44342487351287,-44.55945645156987,-17.9765386507936,-13.807201097436234
192.86,220.55156916587677,220.60070925960864,217.980958611111,211.52056628774895,Gradient Boosting,-27.691569165876757,-27.74070925960862,-25.12095861111098,-18.660566287748935
109.3,111.73688636984033,111.71198275944855,97.31053140211634,96.40280783489351,Gradient Boosting,-2.4368863698403374,-2.4119827594485486,11.989468597883658,12.897192165106489
228.51,212.98410069968094,213.00973180545293,210.57946351851857,206.53249244909094,Gradient Boosting,15.525899300319054,15.500268194547061,17.930536481481425,21.977507550909053
73.96,92.2670214932209,92.22337863640523,96.75170551587301,94.07312250884218,Gradient Boosting,-18.3070214932209,-18.263378636405236,-22.79170551587302,-20.11312250884218
53.44,31.003934650047768,30.798218040726766,54.13947194444439,58.473567368981655,Gradient Boosting,22.43606534995223,22.64178195927323,-0.6994719444443902,-5.033567368981657
94.8,100.6843657195711,100.51434508850177,103.41087936507937,101.75102583244461,Gradient Boosting,-5.884365719571107,-5.714345088501773,-8.61087936507937,-6.951025832444614
72.38,53.02772896926926,53.0015104813216,76.31306547619042,65.07085360188192,Gradient Boosting,19.352271030730734,19.378489518678393,-3.9330654761904214,7.309146398118074
148.07,145.1648715800533,145.3244249728294,141.5221940343916,148.84904370463053,Gradient Boosting,2.905128419946692,2.745575027170588,6.547805965608404,-0.7790437046305385
122.11,102.76044784819038,102.71656774274709,100.16257234126984,98.46450589700386,Gradient Boosting,19.34955215180962,19.39343225725291,21.947427658730163,23.64549410299614
172.45,187.67491793332184,187.63790231752884,181.97306285714288,185.34836599191686,Gradient Boosting,-15.224917933321848,-15.187902317528852,-9.52306285714289,-12.898365991916876
58.9,44.11555413474488,44.00193697719763,65.19979932539681,62.991198285417894,Gradient Boosting,14.784445865255115,14.898063022802368,-6.299799325396812,-4.091198285417896
67.45,46.29714052364817,46.31438577677231,60.16043589947092,63.11567409929562,Gradient Boosting,21.152859476351836,21.13561422322769,7.289564100529084,4.3343259007043855
117.17,116.72731812059456,116.65575458083885,115.19149843915346,113.68839419844194,Gradient Boosting,0.44268187940544124,0.5142454191611563,1.9785015608465386,3.481605801558061
106.58,112.65451834638445,112.70160482436144,118.87913214285727,115.89211274595415,Gradient Boosting,-6.074518346384451,-6.121604824361441,-12.299132142857275,-9.312112745954153
184.7,245.03092500309396,244.95189053416755,233.96395523809528,231.29819690017646,Gradient Boosting,-60.33092500309397,-60.25189053416756,-49.26395523809529,-46.598196900176475
91.04,124.05224339096381,123.74483290058572,92.71317480158731,102.63742976969742,Gradient Boosting,-33.0122433909638,-32.704832900585714,-1.673174801587308,-11.597429769697413
169.44,216.97712152386362,216.8354911893013,186.2552805555556,180.03172612668683,Gradient Boosting,-47.53712152386362,-47.39549118930131,-16.815280555555603,-10.591726126686837
144.16,147.437633013594,147.43059668944514,141.6555423941799,146.6669599948757,Gradient Boosting,-3.2776330135939986,-3.270596689445142,2.5044576058201073,-2.5069599948757
150.96,164.42173821169627,164.70069062312686,154.8123840740741,162.2317828545726,Gradient Boosting,-13.461738211696257,-13.740690623126852,-3.852384074074081,-11.271782854572592
107.65,112.10373009172125,112.02982448488177,116.67660123015875,121.65825292505207,Gradient Boosting,-4.453730091721241,-4.379824484881766,-9.026601230158747,-14.008252925052062
324.78,328.41701698995087,328.1216395817928,339.37606036676266,339.4134305878013,Gradient Boosting,-3.6370169899508937,-3.3416395817928333,-14.596060366762686,-14.633430587801342
127.15,120.13259985577172,120.13282281644115,125.19024535714277,123.76321803638542,Gradient Boosting,7.01740014422829,7.017177183558857,1.9597546428572343,3.386781963614581
193.06,210.93889726338926,211.07768260433875,193.3853886772488,193.70929024237415,Gradient Boosting,-17.878897263389263,-18.017682604338745,-0.32538867724881015,-0.6492902423741498
64.42,74.68185164585853,74.53989261596035,57.11087559523811,60.38753580175196,Gradient Boosting,-10.261851645858528,-10.119892615960353,7.309124404761889,4.032464198248043
141.12,136.78308612600105,136.98929094650506,136.2498405158731,136.30919542995167,Gradient Boosting,4.336913873998952,4.1307090534949396,4.870159484126901,4.810804570048333
116.0,159.21008507264798,159.3035970109377,158.7585118253968,160.1025245932826,Gradient Boosting,-43.210085072647985,-43.30359701093769,-42.758511825396795,-44.102524593282595
132.46,122.2051472755644,122.21831754195105,117.04622763227513,121.84515152552552,Gradient Boosting,10.254852724435608,10.241682458048956,15.413772367724874,10.614848474474485
195.32,246.48005347837517,246.38914431628,242.6987994576719,238.3898278027829,Gradient Boosting,-51.160053478375175,-51.06914431628002,-47.3787994576719,-43.069827802782896
141.79,161.4988984265758,161.68750781596063,145.09834226190472,146.00776171040047,Gradient Boosting,-19.708898426575814,-19.897507815960637,-3.308342261904727,-4.217761710400481
80.61,97.95974100217475,97.99168995458705,81.5645457142857,83.99495542880581,Gradient Boosting,-17.349741002174753,-17.381689954587046,-0.9545457142857003,-3.38495542880581
82.95,77.88402976700681,77.80588151519252,87.51312244708994,79.53251981022547,Gradient Boosting,5.065970232993195,5.144118484807478,-4.563122447089938,3.417480189774537
51.13,87.38693909931843,87.23391914498262,79.00947981481475,80.93476660228555,Gradient Boosting,-36.25693909931842,-36.10391914498262,-27.87947981481475,-29.804766602285547
86.19,108.30401496207051,108.4726096742767,96.22535609788352,92.91504392396986,Gradient Boosting,-22.114014962070513,-22.2826096742767,-10.035356097883522,-6.725043923969864
78.38,102.13166809874053,102.0882865905848,97.22450749999994,102.40080541123392,Gradient Boosting,-23.751668098740538,-23.708286590584805,-18.84450749999995,-24.020805411233923
143.99,157.94550685384166,158.01110636725403,157.9833710425686,157.99401770738228,Gradient Boosting,-13.955506853841655,-14.02110636725402,-13.993371042568583,-14.004017707382275
283.66,247.72707680478726,247.7194925799046,271.0952067460317,274.6845987537127,Gradient Boosting,35.932923195212766,35.94050742009543,12.564793253968332,8.975401246287333
79.5,84.57523722438377,84.61767705985342,81.81953071428565,84.93363726639933,Gradient Boosting,-5.07523722438377,-5.1176770598534205,-2.319530714285648,-5.43363726639933
119.47,144.84584162261436,144.80687240262586,127.94572589586326,129.03452467324198,Gradient Boosting,-25.37584162261436,-25.336872402625858,-8.475725895863263,-9.564524673241976
94.21,115.31568758922509,115.5682411892954,97.65348750000003,100.7357961805441,Gradient Boosting,-21.1056875892251,-21.358241189295413,-3.443487500000032,-6.525796180544106
320.36,296.0938498395953,295.94904767641935,309.9318162962961,297.00260883013357,Gradient Boosting,24.26615016040472,24.41095232358066,10.428183703703894,23.357391169866446
152.62,181.8719302123793,181.8359233534277,161.47459329365077,158.2242560949362,Gradient Boosting,-29.251930212379307,-29.215923353427684,-8.854593293650765,-5.604256094936204
133.68,168.1566930890777,168.19728092684585,134.92403752645512,147.8649056832704,Gradient Boosting,-34.476693089077685,-34.51728092684584,-1.2440375264551164,-14.184905683270387
241.33,281.23784035843954,281.18044374332686,257.5307831746033,256.95229099620326,Gradient Boosting,-39.90784035843953,-39.85044374332685,-16.200783174603288,-15.622290996203247
162.98,167.02315264184188,167.0190425059048,161.64560539682554,170.29009591461286,Gradient Boosting,-4.0431526418418855,-4.039042505904803,1.3343946031744451,-7.310095914612873
100.85,94.55583968623279,94.57540756010746,103.92265432539682,96.9889193893421,Gradient Boosting,6.2941603137672075,6.27459243989253,-3.072654325396826,3.8610806106578934
215.6,206.84806807682628,206.84001015853931,228.20256731481484,219.90574467245085,Gradient Boosting,8.751931923173714,8.75998984146068,-12.602567314814848,-4.305744672450857
242.54,276.4228732021804,276.1958028047153,266.85314849206327,268.6507408562526,Gradient Boosting,-33.882873202180434,-33.65580280471531,-24.313148492063277,-26.11074085625259
295.91,277.1525404623849,277.04785134786823,279.4139489682538,267.5465248006928,Gradient Boosting,18.757459537615148,18.862148652131793,16.49605103174622,28.36347519930723
43.27,41.00464897303806,41.0309293751132,47.90694682539683,42.15895655929372,Gradient Boosting,2.2653510269619446,2.2390706248868,-4.6369468253968265,1.1110434407062826
229.36,185.41941390684968,185.40077914243253,192.96441578042348,196.9147815615262,Gradient Boosting,43.94058609315033,43.95922085756749,36.395584219576534,32.4452184384738
152.61,151.8652720159023,151.91952860803536,132.98183513227497,141.5805438055775,Gradient Boosting,0.7447279840977217,0.6904713919646497,19.628164867725047,11.029456194422522
245.04,234.81869382586146,235.0851786894458,240.92175181697942,248.7244095901966,Gradient Boosting,10.221306174138533,9.954821310554195,4.118248183020569,-3.6844095901965943
209.14,184.95060636559288,185.1993292798786,167.60138284992777,181.5873664641072,Gradient Boosting,24.18939363440711,23.940670720121375,41.53861715007221,27.552633535892795
61.01,62.95728002340955,62.762522196772096,56.970012513227445,63.16150324983708,Gradient Boosting,-1.9472800234095544,-1.752522196772098,4.039987486772553,-2.1515032498370843
161.21,153.0397168097878,153.08417251411507,144.55638652116397,148.43766337588679,Gradient Boosting,8.170283190212217,8.12582748588494,16.653613478836036,12.772336624113223
279.38,303.7240203868237,303.5334249754876,311.59639526455015,311.25081726036706,Gradient Boosting,-24.34402038682373,-24.15342497548761,-32.21639526455016,-31.870817260367062
85.03,74.65856639058804,74.60304725824182,87.1445285714286,83.93661577199853,Gradient Boosting,10.371433609411966,10.426952741758186,-2.1145285714285933,1.0933842280014687
231.53,225.3336516325968,225.50140476041315,217.13245870370372,218.70924591580547,Gradient Boosting,6.196348367403203,6.028595239586849,14.397541296296282,12.820754084194533
246.43,218.34147807993241,218.73292293309964,196.0173740608463,203.098511687995,Gradient Boosting,28.088521920067592,27.697077066900363,50.41262593915371,43.33148831200501
114.06,103.14462176909979,103.42416491755463,114.25710205026456,112.11071311666637,Gradient Boosting,10.915378230900217,10.635835082445368,-0.1971020502645615,1.9492868833336274
85.05,86.4920617972587,86.43973963295791,83.84021216931214,96.27431459867272,Gradient Boosting,-1.4420617972587024,-1.3897396329579124,1.2097878306878584,-11.22431459867272
36.55,20.394320781633496,20.345603201754273,44.11564764550264,38.08585986283586,Gradient Boosting,16.1556792183665,16.204396798245725,-7.565647645502644,-1.5358598628358635
177.84,181.28764680372097,181.33257625066813,182.30090813492063,182.91399631588845,Gradient Boosting,-3.4476468037209713,-3.4925762506681224,-4.460908134920629,-5.073996315888451
318.96,292.363723697937,292.3350435931204,287.12696621693107,278.21863976177593,Gradient Boosting,26.59627630206296,26.624956406879562,31.833033783068913,40.74136023822405
107.78,103.70567565163512,103.82026247783318,97.47168072751323,98.67147581515276,Gradient Boosting,4.0743243483648826,3.9597375221668187,10.30831927248677,9.10852418484724
106.72,121.65653447365365,121.59699721761154,91.32241177248675,99.38613765055318,Gradient Boosting,-14.936534473653651,-14.876997217611546,15.397588227513253,7.333862349446818
133.86,103.18492350861095,103.47247527829947,114.2838280026455,112.29380871746272,Gradient Boosting,30.675076491389063,30.387524721700544,19.576171997354507,21.56619128253729
307.29,305.3609896757066,305.1779231069265,313.1384108862431,308.15833112853437,Gradient Boosting,1.9290103242934151,2.1120768930734926,-5.848410886243073,-0.8683311285343507
282.43,223.24620543216778,223.2993071585376,217.92074543650804,229.497863152161,Gradient Boosting,59.18379456783222,59.130692841462405,64.50925456349196,52.93213684783902
80.0,86.48173102004611,86.57293739634635,83.9988946825397,88.23254268952795,Gradient Boosting,-6.481731020046112,-6.572937396346347,-3.9988946825396994,-8.232542689527946
39.2,66.61403007302793,66.4752196124021,56.30901010582008,66.70290600192988,Gradient Boosting,-27.41403007302793,-27.275219612402097,-17.109010105820076,-27.502906001929873
56.78,28.275464457367235,28.411765761653896,53.687921481481474,52.661730615720785,Gradient Boosting,28.504535542632766,28.368234238346105,3.0920785185185267,4.118269384279216
124.22,120.81263429253387,120.95803272132058,124.99239440476194,126.08814902422647,Gradient Boosting,3.407365707466127,3.261967278679421,-0.7723944047619398,-1.8681490242264687
287.85,247.1102476060008,247.06434215152325,245.60861115079362,266.8250650142033,Gradient Boosting,40.739752393999225,40.785657848476774,42.2413888492064,21.024934985796733
382.98,321.46878437645347,321.2150199957923,348.996703543771,353.0898113056321,Gradient Boosting,61.51121562354655,61.7649800042077,33.98329645622903,29.890188694367907
44.59,55.76466699737712,55.51738328052447,48.47630530423276,52.76089352755987,Gradient Boosting,-11.174666997377116,-10.927383280524467,-3.8863053042327564,-8.170893527559869
241.72,207.36668381100594,207.35456136793488,198.21937406084666,206.70566628971417,Gradient Boosting,34.35331618899406,34.36543863206512,43.50062593915334,35.014333710285825
113.53,93.0888290833772,93.10492276098105,118.42294177248684,114.2535092087846,Gradient Boosting,20.441170916622795,20.425077239018947,-4.892941772486836,-0.7235092087846056
62.39,53.62089826361937,53.55008887388598,79.50915480158734,70.76890672247639,Gradient Boosting,8.769101736380634,8.839911126114018,-17.119154801587342,-8.378906722476387
382.98,360.9428132098098,360.6244556902318,359.2091700396822,380.1155838947859,Gradient Boosting,22.03718679019022,22.35554430976822,23.770829960317826,2.8644161052141044
46.54,49.27153457423627,49.18591502499331,47.94232605820106,43.96948080123477,Gradient Boosting,-2.731534574236271,-2.6459150249933074,-1.4023260582010622,2.5705191987652256
193.79,190.23540042571264,190.25568090022082,201.0518099603174,198.51616806946427,Gradient Boosting,3.5545995742873515,3.534319099779168,-7.261809960317407,-4.726168069464279
58.22,44.540039195280755,44.4059700212738,60.02269391534393,56.53268942825064,Gradient Boosting,13.679960804719244,13.814029978726197,-1.80269391534393,1.6873105717493573
149.81,146.272233062458,146.27019254465438,164.8595456349205,159.9423441786421,Gradient Boosting,3.5377669375419885,3.539807455345624,-15.049545634920491,-10.132344178642086
174.97,170.86305610287152,170.8360278537979,178.4078782539683,175.6788226079421,Gradient Boosting,4.106943897128474,4.1339721462020975,-3.4378782539683073,-0.7088226079420963
229.8,179.7491797111604,180.00942069602914,185.01876854858116,180.33249506984654,Gradient Boosting,50.05082028883962,49.79057930397087,44.78123145141885,49.46750493015347
107.6,92.19145870187785,92.31310792797694,81.09779654761905,86.67218127804696,Gradient Boosting,15.408541298122145,15.28689207202305,26.50220345238094,20.92781872195303
162.63,184.3861836328619,184.38712510491695,162.48305289682537,155.76787330260714,Gradient Boosting,-21.756183632861905,-21.757125104916952,0.14694710317462523,6.862126697392853
40.59,45.435568705728414,45.05109240423691,51.39452342592595,36.42221609292258,Gradient Boosting,-4.845568705728411,-4.461092404236908,-10.804523425925943,4.167783907077421
115.68,122.17401113980213,122.13021311884654,118.95362765873018,128.0873847646384,Gradient Boosting,-6.494011139802126,-6.450213118846534,-3.2736276587301774,-12.40738476463838
63.44,63.38690315825012,63.38804708162151,61.569275952381005,60.32420110706866,Gradient Boosting,0.053096841749876944,0.0519529183784897,1.8707240476189924,3.1157988929313376
68.95,42.46858888414265,42.4294286731013,65.53009126984125,60.73809955641196,Gradient Boosting,26.481411115857355,26.520571326898704,3.4199087301587525,8.211900443588043
151.1,126.30584855155554,126.48330530556456,124.31742712962968,138.54842870523717,Gradient Boosting,24.794151448444453,24.616694694435438,26.782572870370316,12.551571294762823
144.59,148.6682694488342,148.6949129349929,128.2376752116401,130.2403241122101,Gradient Boosting,-4.078269448834192,-4.10491293499291,16.35232478835991,14.349675887789914
71.16,87.1776868216589,87.33072347489032,82.08601310846556,64.36792838975806,Gradient Boosting,-16.0176868216589,-16.170723474890323,-10.926013108465568,6.792071610241933
157.26,186.066714371437,186.12345545899933,189.07130476190477,180.75145177292907,Gradient Boosting,-28.80671437143701,-28.86345545899934,-31.81130476190478,-23.491451772929082
204.91,194.67598416635315,194.68343216125263,176.40478285954777,192.1550906151452,Gradient Boosting,10.23401583364685,10.226567838747371,28.50521714045223,12.754909384854784
94.41,103.35066705941618,103.18388193936693,81.17693034391533,90.97864510533248,Gradient Boosting,-8.940667059416185,-8.77388193936693,13.233069656084666,3.431354894667521
124.27,94.08859529324798,94.16625360920965,124.370528164983,115.97316104396634,Gradient Boosting,30.18140470675202,30.10374639079035,-0.10052816498300388,8.296838956033653
152.78,137.23849651784337,137.25584967721946,148.20380199735462,145.66496250050827,Gradient Boosting,15.541503482156628,15.524150322780542,4.576198002645384,7.115037499491734
49.37,47.66839485792504,47.653026042953684,62.3421593253968,57.149905093438875,Gradient Boosting,1.7016051420749605,1.7169739570463136,-12.972159325396802,-7.779905093438877
133.1,129.9917399399817,129.9483517986244,100.3923351984127,110.23973644825593,Gradient Boosting,3.1082600600182957,3.1516482013755933,32.7076648015873,22.86026355174407
100.06,95.72914967949903,95.70087272281697,97.96679088624336,103.40413711791835,Gradient Boosting,4.330850320500971,4.359127277183035,2.093209113756643,-3.3441371179183506
72.82,58.90845007575196,58.7460033071099,67.43311973544972,69.92086680045827,Gradient Boosting,13.911549924248035,14.073996692890091,5.386880264550271,2.8991331995417227
120.86,104.58092092516722,104.5322135193874,103.82242222222216,104.00606133926816,Gradient Boosting,16.27907907483278,16.327786480612602,17.03757777777784,16.853938660731842
238.87,247.4734627286635,247.51040439506562,261.78155228835965,256.3262389484723,Gradient Boosting,-8.603462728663487,-8.640404395065616,-22.911552288359644,-17.456238948472276
142.81,121.94307285054253,122.1613299950001,138.4590687301587,124.51517724448676,Gradient Boosting,20.866927149457467,20.6486700049999,4.350931269841311,18.294822755513238
137.66,118.05303951992553,118.09654257607465,117.95008494708992,120.35658725346103,Gradient Boosting,19.606960480074463,19.563457423925342,19.709915052910077,17.303412746538967
51.76,40.4457406483109,40.419363573145475,61.36525150793653,57.47866162495794,Gradient Boosting,11.314259351689095,11.340636426854523,-9.60525150793653,-5.718661624957939
91.45,76.72362445990447,76.80027342989165,106.6981082804233,84.6825053463731,Gradient Boosting,14.726375540095532,14.649726570108356,-15.248108280423295,6.767494653626898
51.69,36.17455562107244,35.99563675790475,54.285809206349214,50.76469568629625,Gradient Boosting,15.515444378927555,15.69436324209525,-2.595809206349216,0.925304313703748
91.92,100.87126944957116,100.83480337822164,113.10287365079367,101.93353797826276,Gradient Boosting,-8.951269449571157,-8.914803378221634,-21.182873650793667,-10.013537978262761
165.76,163.37100770006663,163.3973176617018,165.27857154761912,169.47896542960012,Gradient Boosting,2.3889922999333635,2.3626823382981854,0.48142845238086807,-3.718965429600132
107.46,137.81579800057605,137.8485839482938,123.28772911375658,115.74679646613772,Gradient Boosting,-30.35579800057606,-30.3885839482938,-15.82772911375659,-8.28679646613773
117.23,106.53808824276163,106.63003591439468,114.54063646825396,108.45772475093821,Gradient Boosting,10.691911757238373,10.599964085605322,2.6893635317460394,8.772275249061792
325.75,284.40815702830224,284.2488047068248,296.23265482804254,307.4954131754891,Gradient Boosting,41.34184297169776,41.501195293175215,29.51734517195746,18.25458682451091
135.7,141.81095460787097,141.82461093294052,159.7512238492064,145.97870575116775,Gradient Boosting,-6.11095460787098,-6.124610932940527,-24.051223849206423,-10.278705751167763
291.05,271.51142785936185,271.43562750058163,278.0433392328041,267.3983485909437,Gradient Boosting,19.538572140638166,19.61437249941838,13.00666076719591,23.651651409056285
243.95,246.27110515060338,246.19181293889125,211.52423248677246,212.6074493087583,Gradient Boosting,-2.321105150603387,-2.2418129388912575,32.42576751322753,31.342550691241684
73.44,94.5876739091935,94.40431214974419,71.50574669312171,79.14254317353458,Gradient Boosting,-21.1476739091935,-20.964312149744188,1.93425330687829,-5.702543173534579
94.29,83.9939979982254,83.94438827348036,89.50851476190472,97.03291299533988,Gradient Boosting,10.29600200177461,10.34561172651965,4.781485238095286,-2.7429129953398785
152.17,192.11527657983632,192.23957096163284,188.8863244444444,185.8631884770888,Gradient Boosting,-39.94527657983633,-40.06957096163285,-36.71632444444441,-33.693188477088825
94.39,109.72647846767708,109.69234509368667,113.83893697089943,103.81871838076249,Gradient Boosting,-15.336478467677082,-15.302345093686668,-19.448936970899425,-9.42871838076249
294.15,286.23168867642795,286.11970637576235,280.42512174603183,276.22303449690924,Gradient Boosting,7.918311323572027,8.030293624237629,13.724878253968143,17.92696550309074
304.45,242.00442540774628,241.98549235565036,254.87285860750373,254.03243102127934,Gradient Boosting,62.445574592253706,62.464507644349624,49.57714139249626,50.41756897872065
82.23,94.68438157315823,94.67380575064203,106.00627916666669,87.21669385699403,Gradient Boosting,-12.45438157315823,-12.443805750642028,-23.776279166666683,-4.986693856994023
144.61,141.31477385632755,141.6306330770082,125.4193613492064,135.2423999691903,Gradient Boosting,3.2952261436724655,2.979366922991801,19.190638650793616,9.367600030809712
225.08,267.78197922751997,267.69067327654886,238.6555548809524,236.6445647018668,Gradient Boosting,-42.701979227519956,-42.61067327654885,-13.575554880952382,-11.5645647018668
47.62,52.13758637528241,51.83130137758424,50.3303623015873,54.53113060842677,Gradient Boosting,-4.517586375282413,-4.211301377584242,-2.7103623015873026,-6.911130608426774
84.84,67.98239768132723,67.93321019302947,84.17847589947087,82.87106157900105,Gradient Boosting,16.857602318672775,16.906789806970536,0.6615241005291352,1.9689384209989527
137.64,148.7973752827601,148.87402664690032,133.1924024206349,126.71606770229992,Gradient Boosting,-11.157375282760114,-11.234026646900332,4.447597579365095,10.923932297700063
148.99,150.77891757685987,150.72216534258462,136.6523019312169,133.94974777339104,Gradient Boosting,-1.788917576859859,-1.732165342584608,12.337698068783112,15.04025222660897
221.57,209.91862065466952,209.9197821853586,209.2938907936508,219.86476592537943,Gradient Boosting,11.651379345330469,11.650217814641394,12.27610920634919,1.705234074620563
86.93,81.98512415582923,82.02367540266691,101.72519468253982,99.6298640648903,Gradient Boosting,4.944875844170781,4.9063245973330964,-14.795194682539815,-12.699864064890292
134.13,163.759597965005,163.83902753385726,155.386805537518,149.67092116974985,Gradient Boosting,-29.62959796500502,-29.709027533857267,-21.256805537518005,-15.54092116974985
195.25,309.928823979369,309.4749645266281,281.3627607407405,271.67135352877665,Gradient Boosting,-114.67882397936899,-114.22496452662813,-86.1127607407405,-76.42135352877665
214.98,215.13366144343956,215.32274793871963,228.80034722222206,222.5469298259904,Gradient Boosting,-0.15366144343957444,-0.34274793871963993,-13.820347222222068,-7.5669298259904
182.41,158.83523949600055,158.89906989923793,135.93861683381436,157.71208760487062,Gradient Boosting,23.574760503999443,23.510930100762067,46.47138316618563,24.69791239512938
164.25,159.57147002844852,159.66999944888946,164.45889849206358,160.2145526949395,Gradient Boosting,4.678529971551484,4.580000551110544,-0.20889849206358235,4.035447305060501
144.61,166.3034456106139,166.37622866250908,157.6183372222222,159.50813036011442,Gradient Boosting,-21.693445610613878,-21.766228662509064,-13.008337222222195,-14.898130360114408
181.05,180.19958429480843,180.29523936174874,190.55722055555535,191.71991518767445,Gradient Boosting,0.8504157051915797,0.7547606382512697,-9.507220555555335,-10.669915187674434
99.35,133.95687783939442,133.90033816208108,124.35226242784998,114.11100701832376,Gradient Boosting,-34.60687783939443,-34.55033816208109,-25.002262427849985,-14.761007018323767
270.45,261.3804648890415,261.24888594755555,296.35587335497826,293.0235740330105,Gradient Boosting,9.069535110958498,9.201114052444439,-25.90587335497827,-22.573574033010516
174.13,201.49539343918678,201.74812560061758,177.93610675925942,188.25639274689226,Gradient Boosting,-27.36539343918679,-27.61812560061759,-3.8061067592594213,-14.126392746892265
279.7,236.35083627687686,236.3322314004903,236.65094919552683,244.67052600820756,Gradient Boosting,43.34916372312313,43.3677685995097,43.049050804473154,35.02947399179243
270.27,241.7501630131407,241.71620499971988,261.40843341269846,252.94962817022704,Gradient Boosting,28.519836986859275,28.553795000280104,8.861566587301525,17.320371829772938
110.71,116.0392440696215,116.1236450487035,120.58904294973553,118.42197270619818,Gradient Boosting,-5.3292440696215095,-5.413645048703501,-9.879042949735535,-7.711972706198182
66.5,65.49360989097437,65.28889176484536,76.25684001322753,70.84540791215123,Gradient Boosting,1.0063901090256309,1.21110823515464,-9.756840013227531,-4.345407912151231
133.98,125.36086058563225,125.54210987807201,120.7578893386244,123.6188686458323,Gradient Boosting,8.619139414367737,8.437890121927978,13.222110661375595,10.361131354167696
47.9,33.035610020785896,33.168802553418516,55.91149545574794,46.51039809595349,Gradient Boosting,14.864389979214103,14.731197446581483,-8.01149545574794,1.3896019040465077
66.37,69.52636956785437,69.33259637122333,60.60688648148145,63.95981614704832,Gradient Boosting,-3.1563695678543695,-2.962596371223327,5.763113518518551,2.4101838529516826
90.72,80.8983943948152,80.88428622984304,82.41589734126974,85.99023222904549,Gradient Boosting,9.8216056051848,9.835713770156957,8.304102658730258,4.72976777095451
105.65,134.92195889786532,135.02059583566762,111.75703828042329,108.00351738342795,Gradient Boosting,-29.271958897865318,-29.370595835667615,-6.107038280423282,-2.353517383427942
68.5,90.93925716175644,90.88767460248754,81.47169764550264,65.74975849970949,Gradient Boosting,-22.439257161756444,-22.387674602487536,-12.971697645502644,2.750241500290514
215.79,218.2534528962584,218.1780184824575,225.84237862433864,228.6536588755451,Gradient Boosting,-2.463452896258417,-2.388018482457511,-10.052378624338644,-12.863658875545099
213.58,230.51223353486114,230.39237205939207,232.10763744709004,230.40594250413116,Gradient Boosting,-16.932233534861126,-16.81237205939206,-18.52763744709003,-16.82594250413115
228.86,213.38987936659294,213.44415653027866,223.48379216690722,229.94793380842404,Gradient Boosting,15.470120633407078,15.415843469721352,5.376207833092792,-1.087933808424026
325.28,294.7389986146648,294.59636817312503,328.15297083333303,327.89674882649894,Gradient Boosting,30.541001385335164,30.683631826874944,-2.8729708333330564,-2.616748826498963
199.08,200.78406135767767,200.7378456138514,195.4646042063493,161.59672646358703,Gradient Boosting,-1.7040613576776593,-1.6578456138513786,3.6153957936507197,37.48327353641298
122.19,103.63848715273383,103.92444312285734,111.73918777777774,107.48840770042074,Gradient Boosting,18.551512847266167,18.265556877142657,10.450812222222254,14.70159229957926
204.89,203.04853316612588,203.08060430444507,221.5181185317461,214.2471431289035,Gradient Boosting,1.841466833874108,1.8093956955549118,-16.62811853174611,-9.357143128903516
76.79,97.31963634997445,97.137943450974,75.67487785714289,79.39646939126077,Gradient Boosting,-20.52963634997444,-20.347943450974,1.1151221428571176,-2.6064693912607595
195.92,201.47215216737084,201.39412560326997,211.08565701058197,206.5632212737284,Gradient Boosting,-5.552152167370849,-5.474125603269982,-15.165657010581981,-10.643221273728415
163.61,184.4395275403066,184.48177496633755,182.5086432804232,182.01892516503574,Gradient Boosting,-20.8295275403066,-20.87177496633754,-18.898643280423187,-18.408925165035726
269.92,353.22933375106146,352.8278102738922,314.4295496825399,329.5592109394291,Gradient Boosting,-83.30933375106144,-82.90781027389221,-44.5095496825399,-59.63921093942906
144.89,145.48462465563065,145.6811296626435,138.48413137566143,130.46930235039963,Gradient Boosting,-0.5946246556306676,-0.7911296626435274,6.405868624338552,14.420697649600356
209.99,177.74286923619735,178.07024869289828,158.15744580928336,178.81416603482919,Gradient Boosting,32.24713076380266,31.919751307101734,51.83255419071665,31.175833965170824
182.57,178.53875603509942,178.49954317271582,168.0189246825397,175.22261681003715,Gradient Boosting,4.031243964900568,4.0704568272841755,14.551075317460288,7.347383189962841
174.61,195.27905062702172,195.3473097144687,185.0375021957673,193.1015149620758,Gradient Boosting,-20.669050627021704,-20.737309714468694,-10.427502195767289,-18.491514962075797
168.7,152.07003839470224,152.08813890979192,155.34748678571432,157.17675185964876,Gradient Boosting,16.62996160529775,16.611861090208066,13.352513214285665,11.523248140351228
256.17,262.18889253916194,262.07708411891485,310.77090708994706,289.07513011107227,Gradient Boosting,-6.018892539161925,-5.907084118914838,-54.60090708994704,-32.90513011107225
166.59,127.59856203800871,127.82133165613081,137.09906177248675,138.09956590330205,Gradient Boosting,38.991437961991295,38.768668343869194,29.490938227513254,28.490434096697953
334.62,289.7311493243537,289.67443473263813,291.458377910053,300.1486447903356,Gradient Boosting,44.888850675646324,44.94556526736187,43.161622089947,34.47135520966441
208.53,212.65041090585825,212.6895037784759,202.05311526455029,216.3990219850893,Gradient Boosting,-4.12041090585825,-4.159503778475909,6.476884735449715,-7.86902198508929
262.07,240.16234757452636,240.34554008582825,239.33976060846578,246.50892520368336,Gradient Boosting,21.90765242547363,21.724459914171746,22.730239391534212,15.561074796316632
94.88,95.29220984043135,95.54317530389862,107.03062559523812,95.55424905363716,Gradient Boosting,-0.412209840431359,-0.6631753038986261,-12.150625595238125,-0.674249053637169
153.85,140.11283748776597,140.190018725208,129.2189999206349,135.17627394314545,Gradient Boosting,13.737162512234022,13.659981274791988,24.631000079365094,18.673726056854548
264.99,248.6462517390437,248.50474244300307,281.63188662698417,276.7400140193154,Gradient Boosting,16.343748260956318,16.48525755699694,-16.64188662698416,-11.750014019315415
63.99,41.86741151485093,41.77129147419771,59.73781104497353,57.1675513265049,Gradient Boosting,22.122588485149073,22.218708525802292,4.252188955026469,6.822448673495103
84.03,64.38181178401574,64.31536612511742,76.26605595238098,80.50701177564193,Gradient Boosting,19.648188215984263,19.71463387488258,7.76394404761902,3.5229882243580732
292.84,242.9183253151895,242.92358192812512,248.85088496272238,264.4758267589359,Gradient Boosting,49.92167468481048,49.91641807187486,43.9891150372776,28.364173241064066
170.34,172.93985623355434,172.8923050675366,159.4983650396824,165.01920858655296,Gradient Boosting,-2.599856233554334,-2.5523050675365937,10.841634960317606,5.32079141344704
288.2,266.5280134229334,266.36985058251264,295.6054170238095,293.627710696125,Gradient Boosting,21.671986577066605,21.83014941748735,-7.405417023809491,-5.427710696125018
247.57,263.2176704166226,263.17586060086853,259.89640921236185,272.0431604654264,Gradient Boosting,-15.647670416622589,-15.605860600868539,-12.326409212361852,-24.473160465426417
218.5,224.4092303150737,224.4159869133992,201.60298484126974,211.55550601696547,Gradient Boosting,-5.9092303150737,-5.915986913399195,16.897015158730255,6.944493983034533
181.79,190.43249242230155,190.71131414077917,180.23918355820115,174.47663970072023,Gradient Boosting,-8.642492422301558,-8.921314140779174,1.550816441798844,7.313360299279765
64.14,97.30458138880012,97.00285433506741,69.80531235449732,76.89912133251143,Gradient Boosting,-33.164581388800116,-32.86285433506741,-5.665312354497317,-12.759121332511427
185.66,214.62980453564325,214.60283528692455,204.59333727513228,203.08749461777185,Gradient Boosting,-28.96980453564325,-28.94283528692455,-18.93333727513229,-17.427494617771856
229.76,203.76915605632962,204.15802898481843,199.82601444444447,209.69542386860982,Gradient Boosting,25.99084394367037,25.60197101518156,29.933985555555523,20.06457613139017
224.97,202.20354354128762,202.43314814504168,212.98011759259242,198.67459916428024,Gradient Boosting,22.766456458712383,22.536851854958314,11.989882407407578,26.29540083571976
50.44,50.73083240803028,50.47706922468305,52.85522048941795,57.41100271377828,Gradient Boosting,-0.2908324080302833,-0.037069224683051516,-2.4152204894179548,-6.971002713778283
155.17,142.53486418909637,142.5820842435722,141.46203261904765,148.17114562921034,Gradient Boosting,12.63513581090362,12.587915756427776,13.70796738095234,6.998854370789644
267.66,283.7751263013131,283.7073863344312,290.08497411375635,279.34323790443,Gradient Boosting,-16.11512630131307,-16.047386334431167,-22.42497411375632,-11.683237904429973
252.7,235.47112079496338,235.52769827044804,251.50571313492057,254.94994143972042,Gradient Boosting,17.228879205036606,17.172301729551947,1.1942868650794196,-2.2499414397204305
79.42,85.41750169964914,85.39636442047718,97.21583462962965,92.47546807984135,Gradient Boosting,-5.997501699649135,-5.976364420477182,-17.795834629629653,-13.055468079841347
104.73,110.94132631202561,111.13329928553512,109.3374512830688,112.88365860468296,Gradient Boosting,-6.211326312025605,-6.4032992855351125,-4.607451283068798,-8.15365860468296
179.11,182.53836517717212,182.50444559731667,180.09246009620017,182.91793657332997,Gradient Boosting,-3.428365177172111,-3.394445597316661,-0.9824600962001568,-3.807936573329954
84.23,87.15045824416093,87.43584474842149,75.86433851851857,70.51552697941348,Gradient Boosting,-2.920458244160926,-3.205844748421484,8.365661481481439,13.714473020586524
162.7,185.05915189735484,185.19518125075078,169.89693608465606,172.49291627442886,Gradient Boosting,-22.35915189735485,-22.49518125075079,-7.196936084656073,-9.792916274428876
244.32,262.38192532247314,262.2835809171912,286.7828797619047,273.9596247254639,Gradient Boosting,-18.061925322473144,-17.963580917191223,-42.46287976190473,-29.639624725463932
65.26,77.08011658178692,76.96594987651478,63.716204538239545,71.95912354086299,Gradient Boosting,-11.82011658178692,-11.70594987651478,1.5437954617604603,-6.699123540862985
176.26,245.65093162383494,245.49246062934577,245.9160817592592,231.1668497749999,Gradient Boosting,-69.39093162383494,-69.23246062934578,-69.65608175925922,-54.9068497749999
162.17,160.7958059528191,160.79682543593398,160.6371355687831,153.31730129491302,Gradient Boosting,1.374194047180879,1.3731745640660051,1.5328644312168933,8.852698705086965
106.05,108.4535039949852,108.4218969881385,105.1064544708995,107.04957890090117,Gradient Boosting,-2.4035039949852006,-2.371896988138502,0.9435455291005042,-0.9995789009011702
108.2,104.98443978502459,105.07701225774251,96.60796656084663,101.2643161747597,Gradient Boosting,3.2155602149754117,3.122987742257493,11.592033439153369,6.935683825240304
181.77,191.099845007407,191.05732685550905,173.14344945767195,168.76225475832646,Gradient Boosting,-9.329845007406988,-9.287326855509036,8.626550542328062,13.007745241673547
105.17,107.16777775173017,107.4669692034445,99.27776702380946,102.65656944499753,Gradient Boosting,-1.997777751730169,-2.2969692034445046,5.892232976190542,2.513430555002472
162.33,168.78342979071024,168.9229113372935,158.4862391269841,165.66605093000436,Gradient Boosting,-6.453429790710231,-6.592911337293486,3.843760873015924,-3.3360509300043475
197.56,175.57610048811944,175.59387019526795,184.6029549338624,176.9408763316451,Gradient Boosting,21.983899511880566,21.96612980473205,12.957045066137596,20.619123668354916
176.65,170.6864856203082,170.81685454924187,158.94398071428566,169.19443883898074,Gradient Boosting,5.963514379691816,5.833145450758138,17.706019285714348,7.455561161019261
60.1,42.54338598601409,42.60602619870956,61.98695944564698,61.25235962652328,Gradient Boosting,17.556614013985914,17.493973801290444,-1.8869594456469798,-1.1523596265232783
228.14,249.11144493960205,248.88307867115753,228.6378878968253,226.51613044078658,Gradient Boosting,-20.971444939602065,-20.743078671157548,-0.4978878968253184,1.6238695592134036
114.79,114.96285276674766,114.95724957623666,114.31955178571431,111.86146843813209,Gradient Boosting,-0.1728527667476527,-0.1672495762366566,0.47044821428569605,2.9285315618679135
119.93,126.93993302615658,126.93640400680272,126.6088473015873,126.81876287741181,Gradient Boosting,-7.009933026156574,-7.006404006802711,-6.678847301587297,-6.888762877411807
69.47,83.1596855436286,83.56691613500647,77.78288716089465,69.6379827559885,Gradient Boosting,-13.689685543628599,-14.096916135006467,-8.312887160894647,-0.1679827559885041
79.05,86.53439358775566,86.63598604921317,98.13290842592592,98.34186521007453,Gradient Boosting,-7.484393587755662,-7.585986049213176,-19.082908425925922,-19.291865210074533
92.13,121.65088903029125,121.73735763851015,133.95881789682537,128.59204323618994,Gradient Boosting,-29.520889030291258,-29.607357638510152,-41.82881789682537,-36.46204323618994
132.88,147.67038984110653,147.54843910329075,127.56491412698412,138.46424795729806,Gradient Boosting,-14.790389841106531,-14.668439103290751,5.3150858730158745,-5.584247957298061
241.68,255.88268984569225,255.8367100736643,242.6840982936506,246.7139358808898,Gradient Boosting,-14.202689845692248,-14.1567100736643,-1.0040982936505998,-5.0339358808898
242.53,257.3781667140912,257.5098617475802,263.2015520767199,272.1667271616656,Gradient Boosting,-14.848166714091207,-14.979861747580202,-20.671552076719905,-29.63672716166562
249.26,232.13334508549303,232.2406983113449,264.1898690873014,252.0934154664752,Gradient Boosting,17.126654914506958,17.019301688655105,-14.929869087301427,-2.833415466475202
125.81,126.2111541572745,126.40627655901741,134.14601820105824,136.87104153722566,Gradient Boosting,-0.40115415727450454,-0.5962765590174115,-8.336018201058238,-11.061041537225663
182.72,166.51802891808518,166.50855540172546,181.28012095238094,177.64226878420524,Gradient Boosting,16.20197108191482,16.21144459827454,1.4398790476190584,5.077731215794756
68.23,41.795456995818355,42.01953642974007,73.84175552910054,62.66211241216717,Gradient Boosting,26.43454300418165,26.210463570259932,-5.6117555291005345,5.5678875878328355
144.04,163.57370742093062,163.71016312901068,155.3217963095238,168.16554442221425,Gradient Boosting,-19.533707420930625,-19.67016312901069,-11.281796309523799,-24.12554442221426
59.12,64.63151100549243,64.57856964058504,70.08745767195768,56.329741540241635,Gradient Boosting,-5.51151100549243,-5.458569640585047,-10.967457671957682,2.7902584597583626
152.23,159.58211843630534,159.54010208583423,152.42110616402113,160.90901826476895,Gradient Boosting,-7.3521184363053464,-7.310102085834245,-0.19110616402113578,-8.679018264768956
218.67,224.8737721855835,225.08683924698903,233.80549496512748,236.62039513207634,Gradient Boosting,-6.203772185583517,-6.416839246989042,-15.135494965127492,-17.950395132076352
112.34,113.24899550621414,113.54072302182192,93.99413207671951,98.02180922063177,Gradient Boosting,-0.9089955062141399,-1.200723021821915,18.345867923280494,14.318190779368237
85.13,75.45103682661023,75.21268614489418,82.49000714285718,77.88865948484334,Gradient Boosting,9.67896317338976,9.917313855105817,2.639992857142815,7.241340515156651
256.5,260.5148767088199,260.3978417128299,272.2245069047619,276.611336908057,Gradient Boosting,-4.014876708819884,-3.8978417128299157,-15.724506904761881,-20.111336908057012
210.14,187.2627160737454,187.1665430511514,194.09145011904758,181.33971523406188,Gradient Boosting,22.87728392625459,22.973456948848593,16.048549880952407,28.800284765938102
192.67,226.48454974650738,226.47792047564212,215.49080326719562,212.18173023668473,Gradient Boosting,-33.814549746507396,-33.807920475642135,-22.82080326719563,-19.51173023668474
192.82,166.70096986085687,166.67851777014016,159.7131603078402,165.70851319132663,Gradient Boosting,26.11903013914312,26.141482229859832,33.10683969215978,27.111486808673362
148.34,156.3497967331764,156.35212815918618,132.93864723665223,143.83159904101413,Gradient Boosting,-8.009796733176387,-8.012128159186176,15.401352763347774,4.508400958985874
300.29,260.02257327953623,260.0787737118913,265.58160011904766,283.0351579564651,Gradient Boosting,40.26742672046379,40.21122628810872,34.708399880952356,17.254842043534893
200.7,180.8758965259673,180.8769884774065,194.81529249999988,189.4704278271082,Gradient Boosting,19.824103474032682,19.823011522593475,5.884707500000104,11.229572172891778
39.3,5.4377708941709955,5.10317994187389,40.36801259259257,38.02104558717747,Gradient Boosting,33.862229105829,34.19682005812611,-1.0680125925925736,1.2789544128225288
141.08,141.67978833087258,141.66413985151414,148.78698047619048,143.89696158071152,Gradient Boosting,-0.5997883308725704,-0.5841398515141236,-7.706980476190466,-2.8169615807115065
210.57,230.51383346169567,230.4980076285717,234.9567219841269,245.53361415949547,Gradient Boosting,-19.943833461695675,-19.92800762857172,-24.386721984126893,-34.96361415949548
172.18,143.38523832135462,143.37943318148186,135.8186380687831,146.18541248650402,Gradient Boosting,28.794761678645386,28.80056681851815,36.36136193121692,25.994587513495986
258.01,220.64282044718018,220.52629646760232,223.11485527777768,224.61248339702692,Gradient Boosting,37.367179552819806,37.48370353239767,34.89514472222231,33.39751660297307
129.07,129.21028149649493,129.26756694772922,143.02092424603157,128.45362862523078,Gradient Boosting,-0.1402814964949357,-0.19756694772922856,-13.950924246031576,0.6163713747692157
157.01,151.04171018109773,150.87057806534958,133.70029402116396,134.4428461808138,Gradient Boosting,5.968289818902264,6.139421934650414,23.309705978836035,22.56715381918619
77.44,85.50005633881023,85.63948628546389,79.77678750000005,86.91092602756255,Gradient Boosting,-8.060056338810227,-8.199486285463891,-2.3367875000000566,-9.470926027562555
231.53,258.39018132681065,258.3134035912304,230.61165904761904,236.0010570855948,Gradient Boosting,-26.860181326810647,-26.783403591230382,0.9183409523809587,-4.4710570855947935
147.56,156.71910766657638,156.74450904251557,160.37049249037983,160.9964743127991,Gradient Boosting,-9.159107666576375,-9.184509042515572,-12.81049249037983,-13.436474312799106
80.01,74.30966254851917,74.28373115364018,87.312884074074,83.04573283102968,Gradient Boosting,5.700337451480834,5.7262688463598295,-7.302884074074001,-3.0357328310296765
67.73,52.30881555084515,52.378197557997865,86.32928925925927,68.3772446984758,Gradient Boosting,15.42118444915485,15.351802442002139,-18.599289259259265,-0.6472446984758022
137.86,132.3338992295652,132.4342797005739,124.18802031746033,130.54529112867124,Gradient Boosting,5.526100770434823,5.425720299426104,13.671979682539686,7.314708871328776
324.14,280.5315595105801,280.4563148673591,292.71632091269834,310.49317362702624,Gradient Boosting,43.60844048941988,43.6836851326409,31.42367908730165,13.646826372973749
155.43,146.14193647083593,146.13843843920057,152.095143452381,145.43166224436274,Gradient Boosting,9.288063529164077,9.291561560799437,3.3348565476190117,9.998337755637266
236.47,213.71347837706773,213.89583352481532,210.79729738816738,227.0907817881111,Gradient Boosting,22.75652162293227,22.574166475184683,25.67270261183262,9.379218211888912
204.66,223.67522385735765,223.66104894963553,219.44226738095244,217.19360676596014,Gradient Boosting,-19.015223857357654,-19.001048949635532,-14.782267380952447,-12.533606765960144
67.78,96.24395096984253,96.12829726113158,78.92926572751325,78.91853912132959,Gradient Boosting,-28.46395096984253,-28.348297261131577,-11.149265727513253,-11.138539121329586
162.01,191.84429174740987,192.07647565459658,180.91126841269835,174.6256854035324,Gradient Boosting,-29.83429174740988,-30.066475654596587,-18.901268412698357,-12.61568540353241
114.78,101.30715759743413,101.2600023115996,108.13439744708998,99.19671333899602,Gradient Boosting,13.472842402565874,13.519997688400395,6.64560255291002,15.583286661003982
61.21,45.51718429833147,45.237478486347726,61.21986726190473,59.84551741955433,Gradient Boosting,15.692815701668529,15.972521513652275,-0.00986726190473064,1.3644825804456744
152.74,189.47429102895907,189.4921628891824,179.4625511111111,168.4301940732637,Gradient Boosting,-36.73429102895906,-36.75216288918239,-26.722551111111102,-15.690194073263683
64.16,55.81257174523746,55.64025275102189,62.1094124867725,59.567813093977826,Gradient Boosting,8.347428254762534,8.519747248978106,2.050587513227498,4.592186906022171
67.96,74.0322491620197,73.6619584029915,78.77336876984121,57.19536276684081,Gradient Boosting,-6.072249162019702,-5.701958402991508,-10.813368769841219,10.764637233159185
57.58,28.23374138680387,28.6297004223006,56.87024797619051,54.249441279741006,Gradient Boosting,29.346258613196127,28.950299577699397,0.7097520238094859,3.330558720258992
121.56,144.97852815351726,144.93533042864493,143.7305803042328,130.0836465638479,Gradient Boosting,-23.418528153517258,-23.37533042864493,-22.1705803042328,-8.523646563847905
118.37,131.1589528798648,131.31249762409604,122.28295339947094,122.07002395754633,Gradient Boosting,-12.788952879864809,-12.942497624096035,-3.9129533994709362,-3.700023957546321
65.29,68.82856995349475,68.64344823219791,69.12461503968254,69.8103795664037,Gradient Boosting,-3.5385699534947435,-3.3534482321979056,-3.8346150396825323,-4.52037956640369
159.86,179.39564876487145,179.3607935267869,173.68444113275618,165.70606966457802,Gradient Boosting,-19.53564876487144,-19.50079352678688,-13.824441132756164,-5.84606966457801
115.91,128.97122648089584,128.95088040436787,135.26852584776333,139.09565511011053,Gradient Boosting,-13.06122648089584,-13.040880404367869,-19.35852584776333,-23.18565511011053
202.97,247.59862450021666,247.49923172473174,231.5907128306879,225.31364002925005,Gradient Boosting,-44.62862450021666,-44.529231724731744,-28.620712830687893,-22.343640029250054
246.99,289.98408732873395,289.6853679080728,277.0662056746029,275.0639406670469,Gradient Boosting,-42.99408732873394,-42.6953679080728,-30.076205674602875,-28.073940667046884
151.2,154.60752574110924,154.84174597007316,144.03302984126978,150.3718988996463,Gradient Boosting,-3.4075257411092537,-3.641745970073174,7.166970158730209,0.8281011003536776
59.37,50.03335483041644,49.87716738823478,60.89276447089948,66.992431239298,Gradient Boosting,9.336645169583555,9.492832611765216,-1.5227644708994816,-7.6224312392980025
40.75,27.43825399435167,27.30594790538302,43.62204031746034,34.2200838333744,Gradient Boosting,13.311746005648331,13.444052094616978,-2.872040317460339,6.529916166625597
211.08,229.56195947948788,229.47913136688493,239.14636693121682,230.96931656784085,Gradient Boosting,-18.48195947948787,-18.399131366884916,-28.066366931216805,-19.889316567840837
97.34,103.23366517088681,103.17282569716183,104.22109961279465,110.27316524565092,Gradient Boosting,-5.8936651708868055,-5.832825697161823,-6.881099612794642,-12.933165245650912
82.75,91.90693581192534,91.81936409524971,82.88747961640213,86.03233760968604,Gradient Boosting,-9.156935811925337,-9.06936409524971,-0.1374796164021319,-3.2823376096860386
87.8,77.93940563838092,77.88265940507236,71.26945932539687,85.59659012305787,Gradient Boosting,9.860594361619079,9.917340594927637,16.53054067460313,2.203409876942132
265.5,276.69455153114086,276.5188364834361,274.6185105687831,288.21403952570375,Gradient Boosting,-11.19455153114086,-11.018836483436075,-9.118510568783108,-22.714039525703754
111.66,101.42038103593259,101.69607013429047,101.25211961640215,100.96505146429706,Gradient Boosting,10.239618964067404,9.963929865709531,10.407880383597842,10.694948535702935
184.75,207.93028084045494,208.17567756139513,201.86912685185177,193.29543955707325,Gradient Boosting,-23.18028084045494,-23.425677561395133,-17.119126851851775,-8.545439557073252
161.23,161.85919300593264,162.10450732217004,144.0762484920636,162.90662703538203,Gradient Boosting,-0.6291930059326489,-0.8745073221700466,17.15375150793639,-1.6766270353820403
180.93,177.68070514150276,177.59879180957887,172.61287161375665,171.04218082885404,Gradient Boosting,3.249294858497251,3.331208190421137,8.317128386243354,9.887819171145964
213.55,247.17446264770348,247.08291992994486,253.23219493867214,244.01422382733963,Gradient Boosting,-33.62446264770347,-33.53291992994485,-39.682194938672126,-30.464223827339623
163.66,166.791764183875,166.97459534202295,152.2814979629631,156.19841580832153,Gradient Boosting,-3.131764183874992,-3.3145953420229546,11.378502037036895,7.461584191678469
190.65,215.9229055392088,216.0830952312226,204.79447687830688,201.33709365567563,Gradient Boosting,-25.272905539208807,-25.43309523122258,-14.144476878306875,-10.687093655675625
170.89,204.54837093767637,204.57040019209904,194.71070969576724,197.99652481477176,Gradient Boosting,-33.65837093767638,-33.68040019209906,-23.82070969576725,-27.106524814771774
142.54,140.07157545530146,140.12428513565416,154.907845978836,140.21820679527073,Gradient Boosting,2.468424544698536,2.41571486434583,-12.367845978836016,2.3217932047292607
151.56,186.6181648490745,186.70380099731304,185.4041696031748,174.39555370878844,Gradient Boosting,-35.0581648490745,-35.143800997313036,-33.844169603174805,-22.83555370878844
92.62,111.14044088669527,111.00776278369472,97.6648259788359,87.38515348181035,Gradient Boosting,-18.52044088669527,-18.38776278369471,-5.0448259788359024,5.234846518189656
58.11,72.64473966517382,72.57029925435488,70.25813820105822,66.07744331622368,Gradient Boosting,-14.534739665173817,-14.46029925435488,-12.148138201058217,-7.9674433162236795
206.83,212.72527098815118,212.70394602726174,195.88854265068275,192.33059573054658,Gradient Boosting,-5.895270988151168,-5.873946027261724,10.941457349317261,14.499404269453436
105.41,105.62123918449123,105.65698967433518,118.8187912301588,109.9946112846626,Gradient Boosting,-0.2112391844912338,-0.24698967433518249,-13.408791230158798,-4.5846112846626
262.93,267.05712383181265,267.24799544904045,274.53445597763357,289.3658197930464,Gradient Boosting,-4.127123831812639,-4.317995449040438,-11.604455977633563,-26.43581979304639
106.64,116.36105290809692,116.71736431942261,112.91855265873014,103.23670640362693,Gradient Boosting,-9.721052908096922,-10.077364319422614,-6.278552658730135,3.403293596373075
60.14,41.65813547484407,41.6067250419663,52.34763285714284,59.658311991452315,Gradient Boosting,18.481864525155927,18.5332749580337,7.7923671428571595,0.48168800854768534
380.38,316.49454226389815,316.2482916934408,313.7259974206349,327.42382129782146,Gradient Boosting,63.88545773610184,64.13170830655918,66.65400257936511,52.95617870217853
147.91,171.3182258349425,171.25211444790588,166.63010521645026,174.68973162614685,Gradient Boosting,-23.4082258349425,-23.342114447905885,-18.720105216450264,-26.779731626146855
99.62,112.60784654614918,112.92983325657144,105.44096585978838,102.75357869508103,Gradient Boosting,-12.987846546149171,-13.309833256571437,-5.820965859788373,-3.1335786950810274
135.97,163.02792320758124,163.27846291153864,146.5197185545936,148.24798058598424,Gradient Boosting,-27.05792320758124,-27.30846291153864,-10.549718554593596,-12.277980585984238
83.52,87.53237502229423,87.40363549820313,87.53242345238094,79.80522989916236,Gradient Boosting,-4.012375022294236,-3.883635498203134,-4.0124234523809434,3.71477010083764
166.1,178.6757718803718,178.66253352957355,174.9338471957673,169.68895639074077,Gradient Boosting,-12.575771880371803,-12.562533529573557,-8.833847195767305,-3.588956390740776
266.3,225.7643094059966,225.86849845539274,234.64619058080788,238.2418314475258,Gradient Boosting,40.5356905940034,40.43150154460727,31.65380941919213,28.0581685524742
128.07,118.93440893136182,118.94789022349863,121.58750929894178,117.88502915809624,Gradient Boosting,9.135591068638178,9.122109776501361,6.482490701058211,10.184970841903748
179.92,182.76801554475725,182.86105593101547,182.0337626587301,186.24750398917107,Gradient Boosting,-2.84801554475726,-2.941055931015484,-2.11376265873011,-6.327503989171078
250.16,227.56673812057613,227.47825506841463,225.53521518518514,216.27179972768192,Gradient Boosting,22.593261879423864,22.68174493158537,24.62478481481486,33.88820027231807
102.5,123.0514790462719,122.81753746508207,123.76208064814809,112.69101014331142,Gradient Boosting,-20.551479046271893,-20.31753746508207,-21.262080648148086,-10.191010143311416
162.17,205.24568555256343,205.07870709131765,197.79825244708988,188.7599943437467,Gradient Boosting,-43.07568555256344,-42.908707091317666,-35.62825244708989,-26.589994343746724
32.42,7.934519736453552,7.631148469431764,44.265638981481466,38.26977126001654,Gradient Boosting,24.48548026354645,24.788851530568238,-11.845638981481464,-5.849771260016539
250.89,246.6565654699337,246.57846278641904,239.4537577116404,241.96840752708886,Gradient Boosting,4.23343453006629,4.311537213580948,11.43624228835958,8.92159247291113
154.44,149.95767390294802,150.00142112102318,155.89348986772487,155.45940082942775,Gradient Boosting,4.482326097051981,4.438578878976813,-1.453489867724869,-1.0194008294277523
63.59,49.514754852634624,49.872000930566315,69.10491933862431,71.38809207430971,Gradient Boosting,14.07524514736538,13.717999069433688,-5.51491933862431,-7.798092074309707
227.81,191.35168416202262,191.32924463137596,199.57522575396825,195.37221612531354,Gradient Boosting,36.45831583797738,36.480755368624045,28.234774246031748,32.43778387468646
125.72,135.538661170737,135.59074154983492,117.57732750962008,128.7706403317187,Gradient Boosting,-9.818661170736988,-9.870741549834918,8.142672490379923,-3.0506403317187107
270.89,229.1297616941713,229.0161765734457,246.18299943121673,222.18477985206727,Gradient Boosting,41.76023830582869,41.87382342655428,24.707000568783258,48.70522014793272
304.17,246.35299057661945,246.3162934551844,259.2257950132275,256.4209071595737,Gradient Boosting,57.81700942338057,57.85370654481562,44.94420498677249,47.74909284042633
45.35,8.317626480738056,8.201177094245452,48.67152275132272,31.222088336276254,Gradient Boosting,37.032373519261945,37.14882290575455,-3.3215227513227177,14.127911663723747
317.11,314.13960605346756,313.8962886911585,324.5322346031746,313.24509579191965,Gradient Boosting,2.970393946532454,3.213711308841539,-7.422234603174559,3.864904208080361
382.02,344.6793366169594,344.40149987010864,367.8288093253969,369.5836134366765,Gradient Boosting,37.34066338304058,37.618500129891345,14.191190674603092,12.436386563323481
173.37,188.45404849012306,188.53866910623,187.72479011904767,182.34318959444275,Gradient Boosting,-15.084048490123052,-15.168669106229999,-14.354790119047664,-8.973189594442744
158.53,152.7634540198131,152.92106807464606,162.25413411375672,158.90165793177624,Gradient Boosting,5.766545980186891,5.608931925353943,-3.724134113756719,-0.37165793177624096
111.21,123.7252108103282,123.7732852573248,136.01772143338144,121.72288211511477,Gradient Boosting,-12.515210810328213,-12.563285257324807,-24.807721433381445,-10.512882115114778
220.97,222.14791320386297,222.1519597205741,215.61468473544969,211.98827958543046,Gradient Boosting,-1.1779132038629712,-1.181959720574099,5.355315264550313,8.981720414569537
51.28,49.91742717544709,50.09984630769263,57.773509642857135,61.87951150448984,Gradient Boosting,1.3625728245529132,1.1801536923073712,-6.493509642857134,-10.59951150448984
215.65,219.6770826964389,219.6116197788932,220.74983993386252,229.3883821546963,Gradient Boosting,-4.027082696438896,-3.9616197788932084,-5.099839933862512,-13.738382154696296
208.09,185.03317440101858,185.3476492330557,176.7107481746032,183.90070087794803,Gradient Boosting,23.05682559898142,22.7423507669443,31.379251825396807,24.189299122051978
259.02,247.42265881452937,247.3558085633785,265.99471791005294,260.9111463553724,Gradient Boosting,11.597341185470611,11.66419143662148,-6.974717910052959,-1.8911463553724275
255.91,274.3743345948453,274.35753910931794,307.08623359788385,294.65671836061875,Gradient Boosting,-18.464334594845326,-18.447539109317944,-51.17623359788385,-38.74671836061876
86.28,110.6790562626314,110.32296408225037,87.46440313492066,94.31456718473986,Gradient Boosting,-24.399056262631404,-24.042964082250364,-1.1844031349206574,-8.034567184739856
109.62,101.47986944882435,101.8537235632142,105.94166570105818,104.67855988980847,Gradient Boosting,8.140130551175659,7.766276436785802,3.67833429894182,4.941440110191536
363.64,318.1922661770179,317.9693624060619,348.7405803174601,326.8227469815999,Gradient Boosting,45.44773382298206,45.67063759393807,14.899419682539872,36.817253018400095
170.18,179.62763539357323,179.66652444439026,169.6114223544973,174.36220661139313,Gradient Boosting,-9.447635393573222,-9.486524444390255,0.5685776455026996,-4.182206611393127
53.05,75.0872542288563,74.85567732324431,59.46814395502645,56.20309053180717,Gradient Boosting,-22.0372542288563,-21.80567732324431,-6.418143955026451,-3.153090531807173
239.07,251.5943791522903,251.55612856711872,252.2479189417991,258.4943086586356,Gradient Boosting,-12.524379152290294,-12.486128567118726,-13.177918941799106,-19.424308658635596
241.54,245.8972432261724,245.77255084723956,243.44002242063496,252.23174903281557,Gradient Boosting,-4.3572432261724146,-4.232550847239565,-1.9000224206349685,-10.69174903281558
72.87,88.21582847790955,88.19394108965729,79.04727907407405,75.79034689784275,Gradient Boosting,-15.34582847790955,-15.323941089657282,-6.17727907407405,-2.920346897842748
123.81,141.75425991748352,141.6746756732361,130.09603341269852,135.26719281717632,Gradient Boosting,-17.94425991748352,-17.864675673236093,-6.286033412698515,-11.45719281717632
43.19,26.752830376243196,26.49317699873265,41.013664033189016,34.470011300167236,Gradient Boosting,16.4371696237568,16.696823001267347,2.1763359668109814,8.719988699832761
129.28,129.89947133522963,129.91414167319104,116.37510896825401,113.31056271043884,Gradient Boosting,-0.6194713352296333,-0.6341416731910385,12.90489103174599,15.969437289561156
372.64,325.6039565589353,325.3629531395486,316.26623624338623,342.27906679551256,Gradient Boosting,47.03604344106469,47.27704686045138,56.373763756613755,30.360933204487424
123.27,104.07500195247374,104.1211553482355,114.86429507936501,114.19944985228562,Gradient Boosting,19.194998047526255,19.14884465176449,8.405704920634989,9.070550147714371
173.72,146.3503590530928,146.35170443366073,162.01426727513234,159.21695316678952,Gradient Boosting,27.369640946907197,27.36829556633927,11.705732724867659,14.503046833210476
228.21,249.76732426042543,249.61697561338426,242.96435682539683,236.26204451266975,Gradient Boosting,-21.557324260425418,-21.406975613384247,-14.754356825396826,-8.052044512669738
172.01,158.92279942675023,159.05995949997464,155.3217761243386,153.42089153111027,Gradient Boosting,13.08720057324976,12.950040500025352,16.68822387566138,18.58910846888972
101.43,106.44159241971056,106.38339045430138,100.63577519841257,91.90619513194252,Gradient Boosting,-5.011592419710553,-4.9533904543013705,0.7942248015874327,9.523804868057482
90.54,105.43040127271074,105.77419926275681,100.60573572751325,90.10511457057814,Gradient Boosting,-14.890401272710733,-15.234199262756803,-10.065735727513243,0.43488542942186825
78.55,71.30329724931084,71.39571799774004,81.23728227513233,72.06198741846272,Gradient Boosting,7.246702750689153,7.154282002259961,-2.6872822751323326,6.4880125815372764
172.8,213.5547401740625,213.61695912553546,199.90488312169313,193.33163981566435,Gradient Boosting,-40.754740174062476,-40.81695912553545,-27.10488312169312,-20.531639815664334
177.78,219.36305743279735,219.29020884266063,193.12528833333334,188.35474917483188,Gradient Boosting,-41.58305743279735,-41.51020884266063,-15.345288333333343,-10.57474917483188
324.58,308.94192286495155,308.8957801364613,319.04898019841295,320.9740109142455,Gradient Boosting,15.638077135048434,15.684219863538658,5.5310198015870355,3.6059890857544588
71.07,96.21680396469179,96.02787615029307,72.40260463684467,78.98879924242782,Gradient Boosting,-25.1468039646918,-24.957876150293075,-1.3326046368446782,-7.9187992424278235
231.68,220.16814062117658,220.14616920455876,202.6663616666666,213.43717414410295,Gradient Boosting,11.51185937882343,11.533830795441247,29.013638333333404,18.242825855897053
59.52,51.41068137790654,51.35479857141095,58.48570563492067,54.14337430300017,Gradient Boosting,8.109318622093461,8.16520142858905,1.034294365079333,5.376625696999831
248.92,219.59307198363058,219.75269951009483,222.82116279220776,237.456204686779,Gradient Boosting,29.326928016369408,29.16730048990516,26.09883720779223,11.463795313220999
75.52,64.88489854646163,64.85845256584955,68.0867475661376,64.48559354746777,Gradient Boosting,10.635101453538368,10.66154743415045,7.433252433862393,11.034406452532224
322.7,294.1390153664888,294.17344450618884,289.0899181878309,285.5842332965424,Gradient Boosting,28.56098463351117,28.526555493811145,33.610081812169085,37.11576670345761
140.01,118.48982869956856,118.61369181412704,116.88127547619052,113.70206863991997,Gradient Boosting,21.52017130043143,21.396308185872954,23.128724523809467,26.30793136008002
253.0,309.5089002176065,309.304439735399,306.3994583585861,301.19594162829253,Gradient Boosting,-56.50890021760648,-56.304439735399,-53.399458358586116,-48.19594162829253
143.67,142.2151155139814,142.23258248774522,143.60580447089947,148.7141731290825,Gradient Boosting,1.4548844860185852,1.4374175122547683,0.06419552910051607,-5.044173129082509
196.78,178.8276229269333,178.83314496948597,186.3970090740741,191.37106675890232,Gradient Boosting,17.952377073066714,17.94685503051403,10.382990925925895,5.408933241097685
83.4,62.31887777150435,62.2587855687285,80.51567259259265,85.87338610868633,Gradient Boosting,21.08112222849566,21.141214431271507,2.884327407407355,-2.473386108686327
191.56,182.2431372300553,182.29390275380487,186.4236602777778,194.12235508309993,Gradient Boosting,9.316862769944692,9.26609724619513,5.136339722222203,-2.5623550830999307
48.22,56.536821464609375,56.42969922054327,50.9937602116402,42.232666804109385,Gradient Boosting,-8.316821464609376,-8.209699220543271,-2.7737602116402016,5.9873331958906135
176.23,181.07736409834794,181.09973564743106,175.55179148027898,176.86292803705754,Gradient Boosting,-4.847364098347953,-4.869735647431071,0.6782085197210108,-0.6329280370575532
250.97,233.55580533011687,233.44172930045977,226.35288059523813,234.17986802756073,Gradient Boosting,17.41419466988313,17.52827069954023,24.617119404761866,16.79013197243927
120.87,129.2068203579112,129.14469088932827,126.60462281746038,123.30139190230231,Gradient Boosting,-8.336820357911193,-8.27469088932827,-5.734622817460377,-2.431391902302309
44.97,22.654143759121695,22.717748179131263,49.49742445646942,49.65362689418648,Gradient Boosting,22.315856240878304,22.252251820868736,-4.527424456469419,-4.683626894186482
285.47,269.2185697207201,269.20493024051035,276.52905825396846,282.7502765966772,Gradient Boosting,16.25143027927993,16.265069759489677,8.94094174603157,2.719723403322803
131.39,136.23478704955562,136.13307196292845,116.339784047619,111.28968613464032,Gradient Boosting,-4.844787049555634,-4.743071962928468,15.05021595238098,20.100313865359666
88.17,101.00757480948545,101.01033450856072,101.38029179894176,91.86971032508912,Gradient Boosting,-12.837574809485446,-12.840334508560716,-13.210291798941753,-3.6997103250891143
227.47,307.7424510590147,307.5117631533091,304.004240132275,302.91945120008575,Gradient Boosting,-80.27245105901468,-80.04176315330912,-76.53424013227502,-75.44945120008575
100.7,117.86886484118943,117.95847151068969,122.41680002645502,100.35521676480808,Gradient Boosting,-17.168864841189432,-17.258471510689688,-21.71680002645502,0.344783235191926
206.06,194.0965189874932,194.06969177111995,199.3955632804233,203.02915530424602,Gradient Boosting,11.963481012506804,11.990308228880053,6.664436719576713,3.0308446957539843
126.04,123.42087154887562,123.40345200775366,116.99132453703702,115.66025738029802,Gradient Boosting,2.619128451124382,2.6365479922463493,9.04867546296299,10.379742619701986
227.36,195.52064701667058,195.57220809636226,202.65764144179903,192.15967446415752,Gradient Boosting,31.839352983329434,31.787791903637753,24.702358558200984,35.200325535842495
382.98,355.6126210020303,355.2461932374655,371.6977749074067,351.24804820858833,Gradient Boosting,27.367378997969695,27.733806762534527,11.282225092593308,31.73195179141169
369.54,317.3732316073109,317.1794799517189,337.9759353835977,337.9219830090969,Gradient Boosting,52.16676839268911,52.3605200482811,31.564064616402334,31.61801699090313
116.9,132.5259862635497,132.53985838259734,136.31224752645497,141.2082607328038,Gradient Boosting,-15.625986263549692,-15.639858382597339,-19.412247526454962,-24.308260732803802
81.92,92.18878177331828,92.18341252055772,99.90044272486767,99.63883874334402,Gradient Boosting,-10.268781773318281,-10.263412520557722,-17.98044272486767,-17.718838743344023
267.47,252.30085065205645,252.4416922282608,262.9934856613758,267.84546335708694,Gradient Boosting,15.169149347943574,15.028307771739236,4.476514338624213,-0.3754633570869146
271.46,265.9242665515901,265.8193574129437,249.0633299206349,253.15368377724994,Gradient Boosting,5.5357334484098715,5.640642587056277,22.396670079365066,18.30631622275004
242.31,225.33379909179155,225.2253302643799,211.8803874470899,215.1982900567988,Gradient Boosting,16.976200908208455,17.08466973562011,30.4296125529101,27.11170994320119
94.93,106.00198612468009,105.93657154696582,101.48600123015878,102.14521468422825,Gradient Boosting,-11.07198612468008,-11.006571546965816,-6.5560012301587705,-7.215214684228243
147.73,164.68689119438181,164.62436268269957,145.5728292063492,147.38443139383915,Gradient Boosting,-16.956891194381825,-16.89436268269958,2.157170793650778,0.34556860616083895
285.59,279.3400205457618,279.49749378784077,263.9379945105821,262.49259881001086,Gradient Boosting,6.249979454238201,6.092506212159208,21.65200548941789,23.097401189989114
163.58,156.6375984722672,156.6641937860119,152.53543067460313,156.31051777581735,Gradient Boosting,6.942401527732812,6.915806213988105,11.044569325396878,7.269482224182667
191.9,221.449955078885,221.4329346326598,216.30825850529092,215.5903558969266,Gradient Boosting,-29.549955078885006,-29.53293463265979,-24.408258505290917,-23.690355896926604
207.61,202.72674768572327,202.85983707175734,202.1344467195766,203.18136420008236,Gradient Boosting,4.883252314276746,4.750162928242673,5.475553280423412,4.428635799917657
289.33,254.82070754406527,254.81004469113077,247.37181646825385,263.0727665371547,Gradient Boosting,34.50929245593471,34.519955308869214,41.95818353174613,26.257233462845306
70.69,92.63090011812942,92.59835184701798,81.94416136243375,84.57094514681292,Gradient Boosting,-21.94090011812942,-21.908351847017983,-11.254161362433749,-13.88094514681292
186.37,195.64775817984093,195.90195080912747,196.06156654761892,198.98300194500138,Gradient Boosting,-9.27775817984093,-9.531950809127466,-9.691566547618919,-12.613001945001372
162.64,183.285612191342,183.3167909139958,175.95603805555564,165.8616820132158,Gradient Boosting,-20.645612191342025,-20.676790913995802,-13.316038055555651,-3.221682013215826
79.18,66.53589984322225,66.79500230694038,78.41316378306873,75.21245761044734,Gradient Boosting,12.644100156777753,12.384997693059631,0.7668362169312815,3.967542389552662
170.8,184.39928362542702,184.49072653569073,177.9672457936508,168.29534063201447,Gradient Boosting,-13.599283625427006,-13.690726535690715,-7.167245793650778,2.504659367985539
191.47,187.65205617137315,187.63711175146287,205.17873261904774,193.28758569431065,Gradient Boosting,3.817943828626852,3.832888248537131,-13.708732619047737,-1.817585694310651
198.56,217.00046795317826,217.18154196791005,203.05616300264543,208.0738311115363,Gradient Boosting,-18.440467953178256,-18.621541967910048,-4.496163002645432,-9.513831111536291
144.28,142.55073721530653,142.5404732319047,156.44040837301588,150.08179442032477,Gradient Boosting,1.729262784693475,1.7395267680952884,-12.160408373015883,-5.801794420324768
187.51,174.33406958209034,174.31529931855442,181.72235226190483,184.22995136416452,Gradient Boosting,13.175930417909655,13.194700681445568,5.78764773809516,3.2800486358354703
166.81,159.00407940826568,159.09567897622244,156.0662673015873,159.4798082311992,Gradient Boosting,7.805920591734321,7.714321023777558,10.743732698412714,7.330191768800802
31.63,-12.9011537733044,-13.221678529272594,36.73318781746032,30.147090478723037,Gradient Boosting,44.531153773304396,44.85167852927259,-5.10318781746032,1.4829095212769623
61.49,68.63511766638466,68.52461482065222,71.53461559523811,71.94897527698002,Gradient Boosting,-7.145117666384657,-7.034614820652216,-10.044615595238106,-10.45897527698002
205.51,190.9390121113853,190.98873803869745,165.31339346801335,166.4200356384286,Gradient Boosting,14.570987888614695,14.521261961302542,40.196606531986646,39.08996436157139
86.47,77.33759700894741,77.4082163392303,95.69716361111115,92.43981451869786,Gradient Boosting,9.132402991052587,9.061783660769706,-9.227163611111152,-5.969814518697859
85.76,86.78770273551513,86.72684113983196,79.9297492989418,82.06543607899609,Gradient Boosting,-1.0277027355151205,-0.9668411398319563,5.830250701058205,3.694563921003919
213.01,201.97753846634393,202.08514987119946,198.4319082539682,194.84606200213074,Gradient Boosting,11.032461533656061,10.924850128800529,14.578091746031788,18.163937997869255
167.36,180.20735979885848,180.0768249344287,162.64890802910045,151.08651614220554,Gradient Boosting,-12.847359798858463,-12.7168249344287,4.7110919708995596,16.273483857794474
165.99,146.59965156472862,146.48393078252863,145.46540492063505,138.9506730981455,Gradient Boosting,19.39034843527139,19.506069217471378,20.524595079364957,27.03932690185451
257.04,235.77878571713768,235.69009320729262,251.3992200661377,238.71814830560567,Gradient Boosting,21.26121428286234,21.3499067927074,5.640779933862319,18.321851694394354
339.05,301.0210558441455,300.9916676110054,320.54158432539674,326.0797992720651,Gradient Boosting,38.028944155854504,38.058332388994586,18.50841567460327,12.970200727934923
158.46,154.1514525521157,154.25094687057987,155.11939919312172,160.00782879467155,Gradient Boosting,4.308547447884308,4.209053129420141,3.3406008068782853,-1.5478287946715454
106.86,138.17641501470627,137.9569878642479,100.20340134920633,110.87261352950357,Gradient Boosting,-31.316415014706266,-31.096987864247907,6.6565986507936685,-4.012613529503568
95.7,106.82719933316298,107.11261395769472,105.13096973544974,106.4562399068779,Gradient Boosting,-11.127199333162977,-11.412613957694717,-9.430969735449736,-10.756239906877894
31.68,6.914559973130139,6.609666000053039,44.464064801587305,32.90140394604403,Gradient Boosting,24.76544002686986,25.07033399994696,-12.784064801587306,-1.2214039460440276
201.11,183.88165541131514,183.9952715755238,200.91860068783078,195.5418626605539,Gradient Boosting,17.228344588684877,17.114728424476226,0.19139931216923856,5.5681373394461104
156.03,200.8065778226844,200.82531424787175,209.3413246031745,210.32688932488222,Gradient Boosting,-44.7765778226844,-44.795314247871744,-53.31132460317451,-54.296889324882216
229.3,272.5362446741832,272.46789847361526,275.20511260582015,267.97968409754446,Gradient Boosting,-43.23624467418318,-43.16789847361525,-45.905112605820136,-38.67968409754445
128.31,113.65283718109134,113.63730095665389,139.50194908730157,127.54013887198784,Gradient Boosting,14.65716281890866,14.672699043346114,-11.191949087301566,0.7698611280121668
272.66,239.19652647388747,239.18110974947655,228.9201584788361,223.4191838324024,Gradient Boosting,33.46347352611255,33.47889025052348,43.739841521163925,49.240816167597615
244.38,265.4222199497906,265.35208879394327,253.3163326455026,268.5144799131501,Gradient Boosting,-21.042219949790592,-20.97208879394327,-8.936332645502603,-24.13447991315013
220.18,190.56095286416746,190.88974555262382,200.40983628547394,203.8012938124596,Gradient Boosting,29.619047135832545,29.290254447376185,19.770163714526063,16.378706187540416
226.49,266.4383142662645,266.30194153888755,231.0548477513225,247.82024897439285,Gradient Boosting,-39.948314266264504,-39.81194153888754,-4.564847751322503,-21.330248974392845
214.47,209.67433408614752,209.66353962878674,240.43288424603165,221.45859114883336,Gradient Boosting,4.795665913852474,4.806460371213262,-25.96288424603165,-6.988591148833365
150.61,190.83886298393847,190.81860429048967,178.83368346560857,170.41721474079785,Gradient Boosting,-40.228862983938455,-40.20860429048966,-28.22368346560856,-19.807214740797832
125.78,127.22600368676284,127.22188214631484,129.1834078571429,130.5108871206706,Gradient Boosting,-1.446003686762836,-1.441882146314839,-3.403407857142895,-4.730887120670587
35.39,23.423947612711174,23.259678730765046,44.098387063492055,40.0592505655209,Gradient Boosting,11.966052387288826,12.130321269234955,-8.708387063492054,-4.669250565520898
224.63,238.85224843630485,238.7839617302621,231.2162684920634,230.80728025375856,Gradient Boosting,-14.222248436304852,-14.153961730262097,-6.586268492063397,-6.177280253758568
118.77,130.4307291190092,130.46935086606726,109.97499420634927,118.97076573162565,Gradient Boosting,-11.66072911900919,-11.699350866067263,8.79500579365073,-0.20076573162565126
206.52,235.87991556759573,235.74678138325748,233.34680399470903,229.24124298857205,Gradient Boosting,-29.35991556759572,-29.226781383257475,-26.826803994709024,-22.721242988572044
206.25,228.89388852985007,228.87876910025858,237.64158588624346,237.41669296304505,Gradient Boosting,-22.643888529850074,-22.62876910025858,-31.391585886243462,-31.16669296304505
57.42,44.21095434994248,44.21790962070686,53.95393178571428,54.249549555973694,Gradient Boosting,13.209045650057519,13.20209037929314,3.4660682142857198,3.170450444026308
157.4,152.65589027217737,152.8041289620599,159.38698234728233,154.78266714139605,Gradient Boosting,4.744109727822632,4.5958710379401,-1.9869823472823214,2.617332858603959
129.39,107.73167368624505,107.72501263024851,113.54156396825391,117.73374584485337,Gradient Boosting,21.65832631375494,21.664987369751472,15.848436031746076,11.656254155146613
176.27,177.42028521577762,177.50520946805972,167.80517869047625,174.51648854460555,Gradient Boosting,-1.1502852157776147,-1.2352094680597077,8.464821309523757,1.7535114553944595
325.94,259.8424372735908,259.761830997578,251.77989523809535,266.6971428822783,Gradient Boosting,66.0975627264092,66.17816900242201,74.16010476190465,59.24285711772171
139.27,137.98767860562467,138.05155392595688,136.58458246031756,129.50158235913884,Gradient Boosting,1.2823213943753444,1.218446074043129,2.6854175396824473,9.768417640861173
78.95,57.91658284807437,57.92820765315119,79.18526808201064,80.88000299678177,Gradient Boosting,21.033417151925633,21.021792346848812,-0.23526808201063432,-1.9300029967817665
205.64,193.19410422176892,193.29530378921916,202.3495002513226,202.97353799241864,Gradient Boosting,12.445895778231062,12.344696210780825,3.2904997486773766,2.6664620075813446
52.91,43.161015847889246,43.291499982519795,59.57094857383358,58.193147726231224,Gradient Boosting,9.74898415211075,9.618500017480201,-6.660948573833586,-5.283147726231228
119.27,141.1858279356635,141.16198347818374,120.8475874867724,127.71967331413137,Gradient Boosting,-21.9158279356635,-21.891983478183747,-1.5775874867724013,-8.449673314131374
229.2,236.03598795910324,236.01100531658625,224.77975980158715,247.6289194611473,Gradient Boosting,-6.8359879591032495,-6.811005316586261,4.420240198412841,-18.428919461147302
59.32,55.802763044790964,55.72031221519873,57.229791283068806,62.29671719060611,Gradient Boosting,3.517236955209036,3.5996877848012687,2.090208716931194,-2.9767171906061094
109.69,142.5539148826761,142.68173943111432,133.9979507539683,132.4655123041574,Gradient Boosting,-32.86391488267611,-32.991739431114325,-24.3079507539683,-22.775512304157388
190.97,192.24742205157042,192.29828160509976,181.90653104978358,185.14281148996778,Gradient Boosting,-1.2774220515704258,-1.328281605099761,9.063468950216418,5.827188510032215
75.27,47.890126675871045,47.83299034803149,68.02822028499273,69.86643529487426,Gradient Boosting,27.37987332412895,27.43700965196851,7.241779715007269,5.403564705125731
132.7,122.1947018380672,122.22559196008888,126.46076404761904,125.65804486652608,Gradient Boosting,10.505298161932785,10.474408039911111,6.239235952380952,7.0419551334739054
95.61,107.19102417256838,107.29204619717157,103.88232406084663,97.04528855949471,Gradient Boosting,-11.581024172568377,-11.682046197171573,-8.272324060846628,-1.4352885594947082
111.2,100.7027466562892,100.70976761154336,110.20617343915343,110.3038699587457,Gradient Boosting,10.49725334371081,10.490232388456647,0.9938265608465713,0.8961300412543096
260.22,236.46702002703805,236.47080882623663,230.24629944444453,245.56997992292204,Gradient Boosting,23.75297997296198,23.749191173763393,29.973700555555496,14.650020077077983
71.33,50.2622010482706,50.140588297973636,74.87648816137566,71.17620308556928,Gradient Boosting,21.0677989517294,21.189411702026362,-3.546488161375663,0.15379691443071408
110.55,85.30055559695586,85.36857917849646,108.11149851851854,96.87883128273374,Gradient Boosting,25.249444403044137,25.181420821503536,2.4385014814814525,13.671168717266255
250.5,234.55622751342617,234.57382146722563,274.5421944708996,269.1103890202369,Gradient Boosting,15.943772486573835,15.926178532774372,-24.042194470899574,-18.61038902023688
104.16,83.17694756382562,83.03562193361917,94.31171378306873,84.73741489760474,Gradient Boosting,20.983052436174376,21.124378066380828,9.848286216931271,19.42258510239526
53.07,43.83701320432368,44.37031730432933,55.30051755291007,49.927573890542575,Gradient Boosting,9.232986795676318,8.699682695670667,-2.2305175529100723,3.142426109457425
104.44,118.55882331012953,118.79506670902647,106.81152973544981,105.39602177911652,Gradient Boosting,-14.118823310129528,-14.355066709026474,-2.371529735449812,-0.9560217791165257
66.01,65.99717294129015,66.00916292497953,84.36695462962966,87.27415372409669,Gradient Boosting,0.012827058709859784,0.0008370750204704791,-18.356954629629655,-21.264153724096687
207.53,211.64476612795787,211.70798037604658,211.96939412698399,211.1336906474008,Gradient Boosting,-4.114766127957864,-4.177980376046577,-4.439394126983984,-3.6036906474008106
73.05,88.56644979301394,88.29018648473314,78.19586027777778,78.7032844256815,Gradient Boosting,-15.516449793013948,-15.240186484733144,-5.1458602777777855,-5.653284425681505
189.82,253.21828425598198,253.15187826407873,244.04587506613743,235.90705637684238,Gradient Boosting,-63.39828425598199,-63.33187826407874,-54.225875066137434,-46.08705637684238
48.22,21.58203117120243,21.488906629495546,46.25659263227514,48.30159609851978,Gradient Boosting,26.637968828797568,26.731093370504453,1.9634073677248622,-0.08159609851978189
106.42,105.75297376692005,105.81337462552003,119.70141246031734,116.75293147176426,Gradient Boosting,0.6670262330799517,0.6066253744799752,-13.281412460317341,-10.332931471764255
111.64,140.13722966425655,140.22160904522676,144.77516134920643,139.1603517678827,Gradient Boosting,-28.49722966425655,-28.581609045226756,-33.13516134920643,-27.5203517678827
76.61,48.45230948478357,48.72409918286398,67.60966431216933,63.901889319464686,Gradient Boosting,28.15769051521643,27.88590081713602,9.00033568783067,12.708110680535313
327.97,270.6786040847889,270.634745246756,299.33884297619056,305.58687523762643,Gradient Boosting,57.291395915211126,57.335254753244044,28.631157023809465,22.383124762373598
214.87,188.99604418286205,189.01500665718072,190.55095653920145,202.13120215018625,Gradient Boosting,25.873955817137954,25.854993342819284,24.319043460798554,12.73879784981375
202.04,258.70064549487427,258.43135975303215,210.8133993518519,210.9787185343432,Gradient Boosting,-56.660645494874274,-56.39135975303216,-8.773399351851907,-8.938718534343195
244.36,237.82690089512081,237.68798867195645,251.5977147222221,248.90021611619636,Gradient Boosting,6.533099104879199,6.672011328043567,-7.23771472222208,-4.540216116196348
249.22,203.98124970868008,203.96047522112184,190.63312112554104,198.88660239437894,Gradient Boosting,45.23875029131992,45.25952477887816,58.58687887445896,50.33339760562106
91.2,107.5219586771741,107.53663457092242,120.59360179894185,115.25526198724683,Gradient Boosting,-16.321958677174095,-16.336634570922413,-29.393601798941845,-24.055261987246823
91.1,64.47697682073465,64.43284156693917,80.73042043650788,77.58887403693586,Gradient Boosting,26.623023179265346,26.66715843306082,10.36957956349211,13.511125963064131
280.21,268.9762979457479,269.0552587916391,300.85517190476213,295.3299252173148,Gradient Boosting,11.233702054252092,11.15474120836086,-20.64517190476215,-15.119925217314801
54.05,61.10782415463963,60.67204133770555,55.78612302910054,56.7783812256631,Gradient Boosting,-7.057824154639633,-6.622041337705554,-1.7361230291005398,-2.7283812256630995
171.87,185.8286609021185,185.87088847124818,183.1240648412699,184.87789346689112,Gradient Boosting,-13.958660902118481,-14.000888471248174,-11.254064841269894,-13.007893466891119
234.4,233.59498540618,233.55092780012552,244.81138769841283,249.79171378576999,Gradient Boosting,0.8050145938200046,0.8490721998744846,-10.411387698412824,-15.39171378576998
220.11,173.27396553607392,173.2936514413749,173.2893537037037,181.81066348840812,Gradient Boosting,46.8360344639261,46.81634855862512,46.8206462962963,38.29933651159189
319.76,307.27164138654274,307.1274873760865,321.3770965740741,302.18599805624956,Gradient Boosting,12.488358613457251,12.632512623913499,-1.6170965740740826,17.57400194375043
226.25,242.92649434664173,242.93355345819032,223.99822801226546,229.04505679763764,Gradient Boosting,-16.676494346641732,-16.683553458190318,2.251771987734543,-2.795056797637642
57.12,56.55647304791289,56.59081092707646,61.553804682539656,63.50591553196288,Gradient Boosting,0.5635269520871091,0.5291890729235362,-4.433804682539659,-6.38591553196288
143.18,161.8158322900652,161.9254746021989,163.3952197354497,155.50463016731558,Gradient Boosting,-18.635832290065196,-18.745474602198897,-20.215219735449693,-12.324630167315576
144.2,144.47522222917854,144.5056423423697,145.56610829365076,136.715655190712,Gradient Boosting,-0.2752222291785529,-0.30564234236970833,-1.3661082936507682,7.48434480928799
73.21,76.67562787777247,76.86493068715222,72.05443037037035,71.10505709116286,Gradient Boosting,-3.4656278777724765,-3.6549306871522305,1.155569629629639,2.104942908837131
133.12,129.22978505162533,129.1984175244263,125.87914936507936,128.9156325619633,Gradient Boosting,3.890214948374677,3.9215824755737003,7.240850634920648,4.204367438036712
116.85,134.22215171704593,134.1850557534179,129.0309216534391,121.42832457344389,Gradient Boosting,-17.372151717045938,-17.33505575341792,-12.1809216534391,-4.5783245734438935
129.65,133.36315479636164,133.39442155875358,130.84053617724874,131.50578132993832,Gradient Boosting,-3.7131547963616356,-3.7444215587535723,-1.190536177248731,-1.85578132993831
252.33,271.0331797421287,270.94214787482065,293.70930370370365,297.9880387383864,Gradient Boosting,-18.703179742128697,-18.612147874820636,-41.37930370370364,-45.65803873838641
179.26,175.29504739770294,175.21594103085522,178.77039246031742,182.10324078622227,Gradient Boosting,3.9649526022970463,4.044058969144771,0.48960753968256654,-2.8432407862222817
213.37,232.36219305352353,232.36634824749726,243.75755804232816,228.94556893881077,Gradient Boosting,-18.992193053523522,-18.996348247497252,-30.387558042328152,-15.575568938810761
158.81,165.26916647600655,165.26427864035645,185.278522857143,185.06347134043625,Gradient Boosting,-6.459166476006544,-6.454278640356449,-26.468522857143,-26.25347134043625
104.79,125.61227635448716,125.57195060451126,137.14848260582013,112.82881259063423,Gradient Boosting,-20.82227635448716,-20.781950604511252,-32.35848260582013,-8.038812590634222
245.74,242.27657730376572,242.21092185118903,273.10379476911953,265.1310702188123,Gradient Boosting,3.4634226962342893,3.5290781488109815,-27.363794769119522,-19.391070218812274
78.44,112.66817735985116,112.6866907984912,131.56447493386233,127.79196815845636,Gradient Boosting,-34.22817735985116,-34.2466907984912,-53.12447493386233,-49.35196815845636
193.5,178.27674179076678,178.28397018911681,167.1468393650794,172.55909722579852,Gradient Boosting,15.223258209233222,15.216029810883185,26.353160634920613,20.940902774201476
46.69,32.55795787213316,32.214278034479435,46.73979111111111,46.447798185775355,Gradient Boosting,14.132042127866839,14.475721965520563,-0.04979111111111223,0.24220181422464293
95.73,63.54206083141595,63.46606621213702,74.28783047619044,68.09982012395263,Gradient Boosting,32.18793916858405,32.26393378786298,21.442169523809568,27.63017987604738
112.19,118.94001714638586,118.80949898569688,114.38713191798944,108.67457712189496,Gradient Boosting,-6.750017146385858,-6.619498985696879,-2.197131917989438,3.515422878105042
147.14,134.93293600264715,135.0464529550272,154.42465878306874,147.95439250312415,Gradient Boosting,12.207063997352833,12.09354704497278,-7.28465878306875,-0.8143925031241679
160.88,162.83631265435866,162.9042441513311,174.2110774206348,169.15999520908355,Gradient Boosting,-1.956312654358669,-2.024244151331118,-13.331077420634813,-8.279995209083552
191.2,193.4329902770598,193.5814968181171,199.61525349206343,197.4630899037781,Gradient Boosting,-2.2329902770597982,-2.381496818117114,-8.415253492063442,-6.263089903778109
244.71,254.5172977813501,254.35226831515428,270.77765026455035,277.91174590798937,Gradient Boosting,-9.807297781350087,-9.642268315154269,-26.067650264550338,-33.20174590798936
185.02,156.32828782968843,156.31430186045947,153.3817488828764,157.70413359520867,Gradient Boosting,28.691712170311575,28.705698139540544,31.638251117123616,27.315866404791336
62.22,45.22561992979162,45.13806634314463,55.11059333934585,63.098328135939674,Gradient Boosting,16.99438007020838,17.08193365685537,7.109406660654152,-0.8783281359396753
306.37,255.86765803304417,255.72692461509249,267.6072180952382,274.5150808734395,Gradient Boosting,50.50234196695584,50.64307538490752,38.76278190476182,31.854919126560503
220.07,223.0158788455627,222.96190680312253,225.4398282539684,222.34069740551442,Gradient Boosting,-2.945878845562703,-2.891906803122538,-5.369828253968393,-2.270697405514426
306.34,234.7553130565541,234.76657217701256,248.68299337542086,250.9964862606621,Gradient Boosting,71.58468694344589,71.57342782298741,57.65700662457911,55.34351373933788
243.82,236.88673831712612,236.99815020393225,252.00670718253943,250.81923992326492,Gradient Boosting,6.9332616828738765,6.821849796067738,-8.186707182539436,-6.999239923264923
57.59,66.38466571433015,66.62236506456685,65.3698087962963,58.243634214837456,Gradient Boosting,-8.79466571433015,-9.032365064566847,-7.779808796296294,-0.653634214837453
159.72,133.14612115869326,133.19925065577047,147.35883023809532,146.83449328629536,Gradient Boosting,26.573878841306737,26.52074934422953,12.361169761904677,12.885506713704643
115.79,148.53933537120213,148.48042554321958,148.76594422438674,145.70231420020903,Gradient Boosting,-32.74933537120212,-32.690425543219575,-32.97594422438674,-29.912314200209025
130.48,144.79560596245142,144.72215849938874,134.30924794973535,138.3222518596887,Gradient Boosting,-14.315605962451428,-14.24215849938875,-3.829247949735361,-7.842251859688702
242.11,180.7324158657976,180.73594978884805,183.84472801587322,189.1195605045288,Gradient Boosting,61.37758413420241,61.37405021115197,58.2652719841268,52.99043949547121
53.88,66.62758518046535,66.39137814425808,54.80444699735449,55.21109515667189,Gradient Boosting,-12.747585180465343,-12.511378144258082,-0.9244469973544867,-1.3310951566718856
248.47,283.6485511830509,283.46689070350277,297.82196956349185,292.24920448218035,Gradient Boosting,-35.17855118305093,-34.99689070350277,-49.35196956349185,-43.77920448218035
150.4,187.7590719827942,187.84603993421584,182.39429445767206,164.93651083392973,Gradient Boosting,-37.359071982794205,-37.44603993421583,-31.994294457672055,-14.536510833929725
103.52,126.20592014632388,126.2429900167299,129.93618833333335,112.31769510893038,Gradient Boosting,-22.68592014632388,-22.72299001672991,-26.416188333333352,-8.797695108930384
226.34,168.2876170872025,168.27337171495117,173.55352861111112,175.03626592571555,Gradient Boosting,58.0523829127975,58.066628285048836,52.786471388888884,51.30373407428445
200.59,204.36085371909672,204.44144279365472,195.31372427248672,193.14677486374592,Gradient Boosting,-3.7708537190967206,-3.851442793654712,5.27627572751328,7.443225136254085
253.07,222.63146924648967,222.59323441595916,220.66276334656078,237.9154962900938,Gradient Boosting,30.43853075351032,30.476765584040834,32.40723665343921,15.15450370990618
216.92,205.67680902315323,205.68829970177734,197.3348539706591,207.73872991385218,Gradient Boosting,11.243190976846762,11.231700298222648,19.585146029340876,9.181270086147805
260.82,249.6390830724087,249.5012585495015,281.51388976190464,278.33659975869745,Gradient Boosting,11.180916927591284,11.318741450498493,-20.693889761904643,-17.516599758697453
218.25,208.9722557054913,209.24464021942427,224.44184235449734,219.54038068845412,Gradient Boosting,9.277744294508693,9.00535978057573,-6.191842354497339,-1.2903806884541211
127.73,111.19032554533084,111.46489647593502,103.87254826719573,109.75590833201167,Gradient Boosting,16.539674454669168,16.265103524064983,23.85745173280428,17.974091667988333
103.41,104.13496001889371,104.16555588475896,100.72245615079369,97.19620441431327,Gradient Boosting,-0.7249600188937109,-0.7555558847589623,2.687543849206307,6.213795585686725
301.17,269.63847211949076,269.3135146862735,272.2085317460316,271.8811048220104,Gradient Boosting,31.53152788050926,31.856485313726523,28.961468253968405,29.288895177989616
45.91,92.95740903965176,92.59217651203687,59.70059251322752,58.29161748659818,Gradient Boosting,-47.04740903965177,-46.682176512036875,-13.790592513227523,-12.38161748659818
153.24,148.98243147929776,149.13319975193386,156.15894387566135,160.76308295004537,Gradient Boosting,4.25756852070225,4.1068002480661505,-2.9189438756613413,-7.523082950045364
92.83,99.03636807174996,99.26190370475378,77.72929760582011,91.08429691063188,Gradient Boosting,-6.206368071749964,-6.431903704753779,15.10070239417989,1.7457030893681207
61.29,35.331524681139655,35.196283357414046,59.3570690608466,50.41267718937848,Gradient Boosting,25.958475318860344,26.093716642585953,1.932930939153401,10.877322810621521
69.18,67.54877112985436,67.41149033585008,74.95651161255417,81.91568867036857,Gradient Boosting,1.631228870145648,1.7685096641499314,-5.77651161255416,-12.73568867036856
224.89,263.4757471103358,263.3820474011429,274.67405038359783,271.42331488133,Gradient Boosting,-38.58574711033583,-38.49204740114294,-49.784050383597844,-46.53331488133
204.03,179.4149306189937,179.771222068008,182.88797654761902,189.68150259886914,Gradient Boosting,24.615069381006293,24.258777931992,21.142023452380982,14.348497401130857
85.16,83.83521938892959,83.77724440574356,81.65035136243384,91.34028381485683,Gradient Boosting,1.324780611070409,1.3827555942564373,3.5096486375661584,-6.1802838148568355
175.63,147.28576836433564,147.30207119349268,158.21654028980277,150.89018178515178,Gradient Boosting,28.344231635664357,28.327928806507316,17.41345971019723,24.739818214848214
97.35,102.30503537652527,102.14389656055309,90.5214679365079,94.70816094001066,Gradient Boosting,-4.955035376525274,-4.793896560553094,6.828532063492091,2.641839059989337
226.18,282.6864128724063,282.27215493553683,232.21665055555553,240.56338485012773,Gradient Boosting,-56.506412872406315,-56.092154935536826,-6.036650555555525,-14.383384850127726
58.97,33.5793695636348,33.38771292543285,59.82109534391535,58.18513440664385,Gradient Boosting,25.3906304363652,25.582287074567148,-0.8510953439153539,0.7848655933561517
132.46,124.77324464134998,124.69424172091729,111.38151007936501,115.30796104050592,Gradient Boosting,7.686755358650032,7.765758279082718,21.078489920634993,17.152038959494092
159.29,193.58698984939406,193.64569850886187,166.7012311640211,180.4562450087902,Gradient Boosting,-34.296989849394066,-34.35569850886188,-7.411231164021103,-21.166245008790213
166.81,207.03692604824153,207.02213924338378,178.74048920634925,176.68994324378994,Gradient Boosting,-40.22692604824152,-40.212139243383774,-11.93048920634925,-9.879943243789938
307.94,262.54599514031764,262.36372583012087,253.10353664021167,248.91879961632202,Gradient Boosting,45.394004859682354,45.57627416987913,54.836463359788326,59.02120038367798
71.67,61.331552801256706,61.09978820369663,59.720459671717144,66.19619978881445,Gradient Boosting,10.338447198743296,10.570211796303369,11.949540328282858,5.473800211185548
122.39,120.21511990459436,120.23072859191392,124.66629420634916,115.3064581158617,Gradient Boosting,2.1748800954056406,2.1592714080860844,-2.2762942063491636,7.083541884138299
127.89,152.76696668995191,152.7455363034433,152.34766287037044,144.54395372042887,Gradient Boosting,-24.876966689951914,-24.855536303443287,-24.45766287037044,-16.653953720428873
257.93,258.4872024187365,258.44088861310667,263.41617440476193,258.64132723449353,Gradient Boosting,-0.5572024187364946,-0.5108886131066583,-5.486174404761925,-0.711327234493524
73.99,78.73633723438084,78.76098319680852,106.13269841269845,82.46383345926013,Gradient Boosting,-4.746337234380846,-4.77098319680853,-32.14269841269845,-8.473833459260135
144.53,153.05348204516798,153.03589864510127,145.45314771043778,156.2883549602541,Gradient Boosting,-8.523482045167981,-8.505898645101269,-0.9231477104377745,-11.75835496025411
191.6,173.662564350586,173.62462228510697,174.29699770562775,174.57117306476889,Gradient Boosting,17.937435649414,17.97537771489303,17.30300229437225,17.02882693523111
241.06,232.70026870169542,232.75231649372768,228.6556483730157,226.63295757848138,Gradient Boosting,8.359731298304581,8.307683506272326,12.404351626984294,14.427042421518621
36.84,0.5927286691205609,0.5599222659552936,48.89909013227515,29.241090116311177,Gradient Boosting,36.24727133087944,36.28007773404471,-12.059090132275145,7.598909883688826
127.67,155.5750135448956,155.84484031562909,134.1953201190477,148.39155735789004,Gradient Boosting,-27.905013544895596,-28.174840315629083,-6.5253201190476915,-20.721557357890035
49.63,47.16319356399978,46.98588952798802,57.41448991462238,50.92570815846041,Gradient Boosting,2.466806436000219,2.644110472011981,-7.784489914622377,-1.2957081584604069
367.92,347.23678986856913,346.8615396005529,324.18025962842694,328.6123120263792,Gradient Boosting,20.683210131430883,21.058460399447142,43.73974037157308,39.30768797362083
62.27,62.112714033299255,62.29032659434813,72.54898325637326,71.4978816650115,Gradient Boosting,0.1572859667007478,-0.020326594348127003,-10.278983256373259,-9.227881665011502
188.75,181.6532971329014,181.70056301130575,178.0940861507938,187.82113586716565,Gradient Boosting,7.0967028670986,7.049436988694254,10.6559138492062,0.9288641328343488
120.17,127.95458648175591,128.15742977504283,126.63495428571431,128.45861872381556,Gradient Boosting,-7.784586481755909,-7.987429775042827,-6.464954285714313,-8.28861872381556
188.78,171.01456415606873,171.18776822723544,186.35437019841262,181.1126639464501,Gradient Boosting,17.76543584393127,17.592231772764563,2.4256298015873767,7.667336053549889
72.8,86.28131396313161,86.09728573359804,74.54714173280426,71.44306904138372,Gradient Boosting,-13.481313963131612,-13.297285733598045,-1.7471417328042662,1.3569309586162746
96.25,106.39114489255836,106.53118050739474,113.18628507936505,110.08159127651126,Gradient Boosting,-10.141144892558358,-10.281180507394737,-16.93628507936505,-13.831591276511261
139.25,138.53133168006087,138.55217900176297,120.42228062169316,118.97166688213048,Gradient Boosting,0.7186683199391268,0.6978209982370345,18.82771937830684,20.278333117869522
275.55,248.4012059068425,248.39589012170475,253.45922182539678,255.04473922174668,Gradient Boosting,27.148794093157505,27.15410987829526,22.09077817460323,20.50526077825333
144.33,163.98867265154823,164.06068079604754,157.5469134920636,147.9510408369356,Gradient Boosting,-19.658672651548216,-19.730680796047523,-13.216913492063583,-3.6210408369355775
48.1,25.4018828125283,25.57076946432474,53.32431539682537,45.852364451264286,Gradient Boosting,22.698117187471702,22.52923053567526,-5.224315396825368,2.2476355487357154
241.35,269.03904815804606,268.87187410591355,251.6261288095237,261.9900039413319,Gradient Boosting,-27.689048158046063,-27.521874105913554,-10.276128809523698,-20.640003941331912
112.34,102.02230386452916,101.96362866052831,101.43494523809527,103.3321406874914,Gradient Boosting,10.31769613547084,10.376371339471689,10.905054761904736,9.0078593125086
184.95,193.68537977967208,193.56787800894284,182.57716740740742,182.31182468317107,Gradient Boosting,-8.735379779672087,-8.617878008942853,2.372832592592573,2.638175316828921
86.08,84.4674474247161,84.41030927103773,91.04402503968247,96.0565047499212,Gradient Boosting,1.6125525752838996,1.6696907289622658,-4.964025039682468,-9.976504749921205
243.69,232.68638659809358,232.64750608888073,235.95882890211635,239.73972022661732,Gradient Boosting,11.00361340190642,11.042493911119266,7.731171097883646,3.9502797733826753
269.66,247.85716054301616,247.9062735031327,249.04988452380945,255.23989425988194,Gradient Boosting,21.80283945698386,21.75372649686733,20.610115476190572,14.420105740118089
150.57,172.0982917705964,172.01279522449337,165.2825475529102,160.2074247815784,Gradient Boosting,-21.52829177059641,-21.44279522449338,-14.712547552910195,-9.637424781578403
249.22,241.89654777036665,242.2100508613566,264.61625489417986,257.29822790222283,Gradient Boosting,7.323452229633347,7.009949138643407,-15.396254894179862,-8.078227902222835
62.5,63.13941760146321,63.268164117588086,68.30091239417993,69.68804758700334,Gradient Boosting,-0.639417601463208,-0.7681641175880856,-5.800912394179932,-7.188047587003339
141.8,164.54079982419273,165.1286274463582,154.83179861111105,156.81618676048424,Gradient Boosting,-22.74079982419272,-23.328627446358183,-13.031798611111043,-15.016186760484231
238.2,214.15304648938647,214.34947792861752,255.0754057936507,234.3996992050331,Gradient Boosting,24.04695351061352,23.85052207138247,-16.875405793650714,3.800300794966887
173.85,196.79833046541364,196.80000151382322,191.26125364237623,193.40102581784038,Gradient Boosting,-22.948330465413648,-22.950001513823224,-17.411253642376238,-19.551025817840383
114.82,124.17716690474083,124.1781524807055,113.41826219576714,110.6029413118753,Gradient Boosting,-9.357166904740836,-9.358152480705513,1.4017378042328517,4.217058688124695
139.8,190.83426271568055,190.7226207064188,167.10747436507936,157.3054521121895,Gradient Boosting,-51.03426271568054,-50.9226207064188,-27.307474365079344,-17.505452112189488
123.52,141.46483382367586,141.51790612225977,153.77961779100534,136.97526365502384,Gradient Boosting,-17.944833823675864,-17.997906122259778,-30.25961779100534,-13.455263655023842
183.75,156.69631500620733,156.74650022356903,155.4440346139971,155.96847793245604,Gradient Boosting,27.05368499379267,27.00349977643097,28.305965386002896,27.78152206754396
205.77,217.14076025486884,217.15020411967436,223.47759123015877,226.4911491459447,Gradient Boosting,-11.370760254868827,-11.380204119674346,-17.707591230158755,-20.72114914594468
62.49,68.3295403625597,68.32843675212327,57.89284421957675,59.0001500283908,Gradient Boosting,-5.8395403625596956,-5.838436752123265,4.59715578042325,3.4898499716092033
127.0,119.84801599808357,119.86644659215997,117.088625952381,117.94004849295708,Gradient Boosting,7.151984001916432,7.133553407840026,9.911374047619006,9.059951507042925
330.06,301.3433358064316,301.1577062780747,344.6249969973545,344.95604632058536,Gradient Boosting,28.71666419356842,28.902293721925275,-14.564996997354513,-14.896046320585356
144.45,157.64259129379198,157.7348359826754,137.5453267592593,141.43841458839026,Gradient Boosting,-13.192591293791992,-13.284835982675418,6.904673240740692,3.0115854116097296
223.03,230.32468013929372,230.51866061361017,239.55740764550254,245.20658317897625,Gradient Boosting,-7.2946801392937175,-7.488660613610165,-16.527407645502535,-22.176583178976244
70.21,71.16127522689419,70.99324011348592,71.07752169191924,59.21589323453558,Gradient Boosting,-0.9512752268941966,-0.783240113485931,-0.8675216919192508,10.994106765464416
143.84,149.2275070916176,149.50461020378282,136.15114492063506,151.09314588738192,Gradient Boosting,-5.387507091617607,-5.664610203782814,7.6888550793649415,-7.253145887381919
110.04,70.46038460593209,70.40751629330533,94.30685010582013,87.88556173871886,Gradient Boosting,39.579615394067915,39.63248370669467,15.733149894179874,22.154438261281143
203.91,175.03908439934128,175.1353528611171,167.26342718253971,183.5164328952595,Gradient Boosting,28.87091560065872,28.774647138882898,36.64657281746028,20.393567104740498
293.86,283.7597418561639,283.73457639417944,323.2996253174606,318.77592312859906,Gradient Boosting,10.100258143836129,10.125423605820572,-29.43962531746058,-24.915923128599047
249.26,268.145044407895,268.023436341358,268.8853018121693,258.0973982084836,Gradient Boosting,-18.88504440789501,-18.763436341357988,-19.62530181216931,-8.837398208483592
286.41,339.6815623148642,339.43402254305647,351.36572527777776,327.3139405171975,Gradient Boosting,-53.271562314864184,-53.02402254305645,-64.95572527777773,-40.9039405171975
162.17,208.44692290243663,208.67117623537544,187.1012901719577,180.52276940566512,Gradient Boosting,-46.27692290243664,-46.50117623537545,-24.9312901719577,-18.35276940566513
108.77,129.6459134035025,129.6001847961744,118.47412074074074,123.73482799934307,Gradient Boosting,-20.87591340350251,-20.830184796174407,-9.704120740740748,-14.964827999343072
185.62,187.80010079505018,187.80272594646593,197.65989500601236,190.58243884374016,Gradient Boosting,-2.18010079505018,-2.182725946465922,-12.039895006012358,-4.962438843740159
205.4,177.0963092003538,177.06745578102115,182.01410102453102,182.7643751465336,Gradient Boosting,28.303690799646205,28.332544218978853,23.38589897546899,22.635624853466396
123.75,132.97764746657577,132.94502195156363,121.5865454232804,131.02531791619137,Gradient Boosting,-9.227647466575775,-9.195021951563632,2.1634545767196016,-7.275317916191369
229.56,268.4223095535639,268.26832791659126,250.3622501358825,257.52603037143325,Gradient Boosting,-38.862309553563875,-38.70832791659126,-20.802250135882502,-27.96603037143325
67.73,43.53807171588271,43.89559782035377,70.32585332972586,57.9467606895968,Gradient Boosting,24.191928284117296,23.834402179646233,-2.5958533297258555,9.783239310403204
59.47,44.70004909313202,44.67691422751305,59.25702932539681,61.59804665944426,Gradient Boosting,14.769950906867976,14.793085772486947,0.2129706746031914,-2.1280466594442586
107.29,120.6040762590475,120.79158062151976,117.09923030423285,115.48676620303017,Gradient Boosting,-13.314076259047496,-13.50158062151975,-9.809230304232841,-8.196766203030165
52.12,30.501256107717154,30.434115240922324,64.54296924603175,59.22406321965685,Gradient Boosting,21.618743892282843,21.685884759077673,-12.422969246031748,-7.104063219656851
284.68,260.0578076740185,260.0547450946723,258.3242860978836,274.99647487275337,Gradient Boosting,24.62219232598153,24.625254905327722,26.355713902116406,9.68352512724664
61.15,47.23036065296094,47.08863591976517,52.27194034391531,60.826735037831774,Gradient Boosting,13.919639347039059,14.061364080234831,8.878059656084687,0.3232649621682242
218.61,211.09481590655878,210.99637470127593,221.72587329365075,209.06951453483057,Gradient Boosting,7.515184093441235,7.613625298724088,-3.1158732936507363,9.54048546516944
207.27,218.3329540659181,218.4013894808627,213.19761800264544,219.75492684535223,Gradient Boosting,-11.062954065918092,-11.13138948086268,-5.927618002645431,-12.48492684535222
121.58,129.58357253366898,129.79879508787826,129.33460851851848,133.56767570699327,Gradient Boosting,-8.003572533668986,-8.218795087878263,-7.754608518518481,-11.987675706993272
277.83,279.3030528107074,279.19460709428654,309.23167988095213,302.8235731498044,Gradient Boosting,-1.4730528107074292,-1.364607094286555,-31.401679880952145,-24.993573149804433
40.18,37.803231835707265,37.830509041873796,54.552197222222226,36.61112179350455,Gradient Boosting,2.3767681642927343,2.3494909581262036,-14.372197222222226,3.568878206495448
241.89,275.1548932633377,274.90319602289134,306.50023146825424,288.1992208387316,Gradient Boosting,-33.26489326333774,-33.01319602289135,-64.61023146825426,-46.30922083873162
213.22,272.72471660346423,272.5231251939758,239.84746924603155,254.24611590796084,Gradient Boosting,-59.50471660346423,-59.303125193975774,-26.627469246031552,-41.02611590796084
286.19,261.5436668062788,261.41409798596686,260.4107322619047,269.36055095522676,Gradient Boosting,24.646333193721205,24.775902014033136,25.779267738095314,16.82944904477324
62.59,86.4244163317189,86.58917267685777,69.99045496031745,67.81512584599892,Gradient Boosting,-23.8344163317189,-23.999172676857768,-7.400454960317447,-5.225125845998917
233.05,218.92065228280794,219.23286281130248,202.57045123015854,207.60285633622215,Gradient Boosting,14.129347717192076,13.81713718869753,30.47954876984147,25.447143663777865
93.68,94.7370936678324,94.69051519236304,88.37168419312171,99.25737245762798,Gradient Boosting,-1.0570936678323903,-1.0105151923630302,5.308315806878298,-5.577372457627973
108.07,113.05861659230888,113.35840245608858,115.19571236772487,113.82700917356196,Gradient Boosting,-4.988616592308887,-5.2884024560885905,-7.125712367724873,-5.757009173561968
247.42,222.03331811088768,222.24440434725557,226.75065820105826,236.3857714034689,Gradient Boosting,25.38668188911231,25.17559565274442,20.66934179894173,11.03422859653108
196.57,216.6084378112552,216.70530797308757,219.03559904761917,209.78420901676031,Gradient Boosting,-20.038437811255193,-20.135307973087578,-22.46559904761918,-13.214209016760321
233.69,231.63881053831494,231.7049387158621,237.592962261905,228.49621850205313,Gradient Boosting,2.0511894616850554,1.9850612841378847,-3.902962261905003,5.193781497946873
98.0,80.9979914819242,80.97086157996218,97.55472293650799,95.24454349132573,Gradient Boosting,17.002008518075797,17.029138420037825,0.44527706349201424,2.7554565086742713
327.8,294.18296098154286,293.995951705818,308.3219774470898,311.41287613870037,Gradient Boosting,33.61703901845715,33.804048294181996,19.478022552910204,16.387123861299642
93.47,96.62946847668098,96.52733558266368,87.25779416666661,98.42983710112708,Gradient Boosting,-3.159468476680985,-3.0573355826636828,6.212205833333385,-4.9598371011270785
62.73,52.540916532958164,52.585479911828955,80.76638390211639,73.26344575703732,Gradient Boosting,10.189083467041833,10.144520088171042,-18.03638390211639,-10.53344575703732
192.16,247.88567982364236,247.72407497356957,226.40360480158745,207.13327646347253,Gradient Boosting,-55.725679823642366,-55.564074973569575,-34.24360480158745,-14.97327646347253
175.61,155.098157233029,155.19056628149252,162.33324437830686,158.8653213299605,Gradient Boosting,20.511842766971,20.41943371850749,13.276755621693155,16.74467867003952
140.33,130.62629728138407,130.60427232690324,125.86071500000006,122.81932022280773,Gradient Boosting,9.703702718615943,9.72572767309677,14.469284999999957,17.51067977719228
198.69,186.43509476227732,186.40920296179735,168.75003613756633,175.8113017345264,Gradient Boosting,12.254905237722681,12.28079703820265,29.93996386243367,22.878698265473588
128.13,117.6901770088988,117.6810141937458,130.27365261904768,119.52826646489498,Gradient Boosting,10.439822991101195,10.4489858062542,-2.1436526190476854,8.601733535105012
105.39,95.16423467278969,95.40485145548838,100.46350391534384,96.23746294500351,Gradient Boosting,10.225765327210311,9.985148544511617,4.926496084656165,9.152537054996486
157.06,174.76277785498868,174.81103107119273,154.27991656084657,155.92499931781956,Gradient Boosting,-17.702777854988682,-17.751031071192727,2.7800834391534295,1.135000682180447
217.72,198.7599782694127,198.946835232265,199.19365944444434,205.33221770754588,Gradient Boosting,18.9600217305873,18.77316476773501,18.526340555555663,12.38778229245412
151.62,168.83437937489288,168.9483194785734,151.7965390343916,169.45774287974706,Gradient Boosting,-17.21437937489287,-17.328319478573405,-0.17653903439159535,-17.837742879747054
192.92,201.57309877506972,201.56337554616672,197.32117346560838,198.47339501521384,Gradient Boosting,-8.653098775069736,-8.643375546166737,-4.4011734656083945,-5.553395015213852
294.12,294.1349733144507,293.9244023554643,307.86661793650785,304.9588855180265,Gradient Boosting,-0.014973314450685393,0.1955976445357237,-13.746617936507846,-10.838885518026473
81.78,93.22300110270805,93.19218194054052,82.03978171957661,86.4053547936484,Gradient Boosting,-11.443001102708052,-11.41218194054052,-0.25978171957660834,-4.625354793648398
76.41,88.14789847780202,88.02492049297634,87.73949667989417,76.64592292428941,Gradient Boosting,-11.73789847780202,-11.614920492976339,-11.329496679894177,-0.23592292428941164
180.22,157.60147365626145,157.60932132029677,177.40835435185173,159.63100643375563,Gradient Boosting,22.61852634373855,22.610678679703227,2.8116456481482714,20.58899356624437
45.77,15.458520944057653,15.379313238958417,48.594647420634935,43.83732842189831,Gradient Boosting,30.31147905594235,30.390686761041586,-2.824647420634932,1.93267157810169
114.12,125.47914470475294,125.67936945456607,116.32644322751332,127.83737769302459,Gradient Boosting,-11.359144704752936,-11.559369454566067,-2.2064432275133186,-13.717377693024588
93.24,98.51686265064184,98.47797622566104,90.3603371957672,92.32539731552325,Gradient Boosting,-5.276862650641846,-5.237976225661043,2.879662804232794,0.9146026844767476
153.16,205.26393379030387,205.4017589425737,197.95740301587313,191.2522341821158,Gradient Boosting,-52.10393379030387,-52.24175894257371,-44.79740301587313,-38.09223418211582
120.59,114.39712288907504,114.38789803030556,131.82261061447824,123.44540605119897,Gradient Boosting,6.192877110924968,6.202101969694439,-11.232610614478233,-2.855406051198969
106.1,101.26066143752601,101.46750045298515,106.51236900793657,110.45309319844772,Gradient Boosting,4.8393385624739835,4.632499547014845,-0.4123690079365758,-4.3530931984477235
76.47,76.21711725304854,76.45316292749321,93.751452989418,74.94407198730501,Gradient Boosting,0.25288274695145674,0.016837072506788786,-17.281452989418,1.5259280126949903
110.78,120.52051734867749,120.48678260087675,131.71161300264555,126.73596827738045,Gradient Boosting,-9.740517348677486,-9.70678260087675,-20.93161300264555,-15.95596827738045
101.69,106.43603813651285,106.35735340104583,89.11549399470896,97.34816366055999,Gradient Boosting,-4.746038136512851,-4.66735340104583,12.574506005291042,4.3418363394400075
279.55,320.90624666146505,320.7204266587887,333.50205970899475,314.4693386997753,Gradient Boosting,-41.356246661465036,-41.1704266587887,-53.95205970899474,-34.91933869977527
205.08,162.62229128027323,162.61454310959118,166.8006047883597,166.94969515959804,Gradient Boosting,42.45770871972678,42.46545689040883,38.27939521164032,38.130304840401976
168.06,153.59537116354977,153.676966065232,141.53872601851856,135.02139970557997,Gradient Boosting,14.464628836450231,14.383033934768008,26.521273981481443,33.038600294420036
202.99,171.0966977888661,171.080054712211,189.2474804629628,184.73110932546757,Gradient Boosting,31.893302211133914,31.909945287789014,13.742519537037197,18.258890674532438
138.13,137.8228820679832,137.83215311459824,140.6082442219817,142.68211944541878,Gradient Boosting,0.3071179320168085,0.2978468854017535,-2.478244221981697,-4.552119445418782
200.5,239.42195163465942,239.28746171506538,229.1746303439152,227.44291497450536,Gradient Boosting,-38.92195163465942,-38.787461715065376,-28.674630343915197,-26.942914974505356
106.6,122.39016889923121,122.60372726186841,98.57504448412705,115.75213356710182,Gradient Boosting,-15.790168899231219,-16.00372726186842,8.024955515872946,-9.152133567101828
176.54,185.55951124815638,185.55104247461333,201.53313652116412,194.80265514471364,Gradient Boosting,-9.019511248156391,-9.011042474613333,-24.993136521164132,-18.262655144713648
188.17,177.23545451033874,177.45058645970272,175.99946175925916,181.68712519720665,Gradient Boosting,10.934545489661247,10.719413540297268,12.170538240740825,6.482874802793333
195.2,184.66718160839704,184.77003614409426,195.88172715608465,199.39722237042108,Gradient Boosting,10.532818391602945,10.429963855905726,-0.6817271560846621,-4.197222370421088
264.63,289.4604600980458,289.32011247650837,250.68173816137585,244.30364482346664,Gradient Boosting,-24.83046009804582,-24.690112476508375,13.948261838624148,20.326355176533355
193.56,232.98866773862937,232.9417917009515,217.52502484126978,216.66861297177135,Gradient Boosting,-39.42866773862937,-39.38179170095151,-23.96502484126978,-23.10861297177135
139.86,121.349642329311,121.60554955889982,110.86389864357865,106.6908559115193,Gradient Boosting,18.510357670689018,18.25445044110019,28.996101356421363,33.16914408848072
337.89,310.9474177770961,310.88339634726947,328.81095718253965,335.19093727302993,Gradient Boosting,26.942582222903866,27.00660365273052,9.079042817460333,2.6990627269700553
158.05,145.42416686882464,145.37283063472373,141.40702880952384,151.58201701280865,Gradient Boosting,12.62583313117537,12.677169365276285,16.642971190476175,6.4679829871913626
161.56,179.8390263572641,179.9858404498012,180.3160638492063,181.24480444054834,Gradient Boosting,-18.279026357264087,-18.4258404498012,-18.7560638492063,-19.684804440548334
170.64,142.45251412742263,142.55578141055182,134.15535387566135,142.60999061700394,Gradient Boosting,28.187485872577355,28.08421858944817,36.48464612433864,28.03000938299604
91.32,88.12937016426633,88.07309065351264,93.77749793650788,86.48245980354157,Gradient Boosting,3.1906298357336595,3.2469093464873566,-2.4574979365078917,4.83754019645842
94.0,115.20442822841372,115.32232817387603,104.14250419312171,93.5922580033305,Gradient Boosting,-21.204428228413718,-21.32232817387603,-10.14250419312171,0.4077419966695004
160.99,171.1858704863561,171.22431499074216,144.57326332010584,150.07215654572582,Gradient Boosting,-10.195870486356085,-10.23431499074215,16.41673667989417,10.917843454274191
58.07,13.727778117291734,13.797385916334889,50.8846246957672,48.172788400197746,Gradient Boosting,44.342221882708266,44.27261408366511,7.1853753042327995,9.897211599802255
137.36,129.20554968109775,129.2425829761655,132.2993963095238,132.01759291660682,Gradient Boosting,8.154450318902263,8.11741702383452,5.060603690476228,5.342407083393198
279.89,328.96739640087776,328.75037859065776,319.4792350000001,326.12543254798265,Gradient Boosting,-49.077396400877774,-48.860378590657774,-39.58923500000009,-46.23543254798267
78.79,66.92933734348561,66.87257095690723,67.58281751322752,69.8375246365426,Gradient Boosting,11.860662656514393,11.917429043092781,11.207182486772481,8.95247536345741
153.24,161.0133787755471,161.2272340430883,162.0685246540496,160.3661447153147,Gradient Boosting,-7.773378775547087,-7.987234043088279,-8.828524654049602,-7.126144715314695
298.07,260.03795638327284,260.0306949015686,286.8004133333332,294.85655750615456,Gradient Boosting,38.03204361672715,38.039305098431385,11.269586666666783,3.2134424938454345
236.16,229.50780259217248,229.82750777589462,236.87757611111127,238.99357920361285,Gradient Boosting,6.652197407827515,6.33249222410538,-0.7175761111112706,-2.8335792036128566
129.23,126.39804717689567,126.67269160456766,123.2954314153439,127.60883122353549,Gradient Boosting,2.8319528231043165,2.5573083954323295,5.934568584656091,1.6211687764645006
227.52,227.76146122277294,227.96785482032772,222.20560025132286,230.85717874635984,Gradient Boosting,-0.24146122277292648,-0.44785482032770574,5.314399748677147,-3.3371787463598253
163.85,142.61092588102986,142.57409210795169,134.81511064814822,140.83297914233057,Gradient Boosting,21.239074118970137,21.27590789204831,29.034889351851774,23.017020857669422
107.61,129.94206478723677,130.06321964097526,113.17895269841266,112.68722008864856,Gradient Boosting,-22.332064787236774,-22.453219640975263,-5.568952698412659,-5.077220088648559
102.27,99.93307408098215,100.05897032695225,102.92130889850891,96.76836606528823,Gradient Boosting,2.336925919017844,2.2110296730477472,-0.6513088985089155,5.501633934711762
41.54,27.06505797148023,26.918681649593395,46.59040952380951,48.84246578702251,Gradient Boosting,14.47494202851977,14.621318350406604,-5.050409523809513,-7.302465787022513
101.96,108.75523303955416,108.65744445188588,103.11165623015869,104.57755985974423,Gradient Boosting,-6.795233039554162,-6.697444451885886,-1.151656230158693,-2.617559859744233
128.61,136.78826524462846,136.97538027411804,126.07024813492067,125.23790117008366,Gradient Boosting,-8.178265244628449,-8.365380274118024,2.5397518650793387,3.3720988299163537
382.98,325.58385069996064,325.4241265863591,367.861176269841,377.61002092229614,Gradient Boosting,57.39614930003938,57.55587341364094,15.118823730159022,5.369979077703874
97.52,123.24397453539947,123.09144072466427,108.27994929894179,102.85338427595889,Gradient Boosting,-25.723974535399478,-25.57144072466427,-10.759949298941791,-5.333384275958892
57.84,18.34890828733151,18.33034213202788,51.844622288359766,52.303003877122684,Gradient Boosting,39.49109171266849,39.50965786797212,5.995377711640238,5.536996122877319
176.7,145.27768326157812,145.32184222884695,149.61763071428578,149.247851637575,Gradient Boosting,31.42231673842187,31.37815777115304,27.082369285714208,27.452148362424992
223.21,206.31782994511144,206.4078909245732,195.30877179894182,198.99904802809382,Gradient Boosting,16.892170054888567,16.802109075426813,27.90122820105819,24.210951971906184
268.99,239.82166460337055,239.79050684626117,246.9025141534393,247.82177916492037,Gradient Boosting,29.16833539662946,29.199493153738842,22.087485846560696,21.168220835079637
57.75,60.83094706167539,60.68446330940547,64.87619869047622,61.41486876389657,Gradient Boosting,-3.0809470616753885,-2.934463309405473,-7.126198690476215,-3.664868763896571
107.46,108.49820217108697,108.44689296679546,111.57510839947096,103.99539230432731,Gradient Boosting,-1.0382021710869793,-0.986892966795466,-4.115108399470969,3.464607695672683
114.16,130.5371129513021,130.8817028876768,134.0631229232804,136.8682700723975,Gradient Boosting,-16.37711295130211,-16.7217028876768,-19.903122923280392,-22.70827007239751
200.01,190.19147010361752,190.56192124603464,186.2115731481481,191.46432766252846,Gradient Boosting,9.818529896382472,9.448078753965348,13.7984268518519,8.54567233747153
201.11,196.13709783781297,196.53171699975945,186.45303119769125,190.74811629989773,Gradient Boosting,4.97290216218704,4.57828300024056,14.656968802308768,10.361883700102283
63.57,75.90705350394114,75.94905248509292,62.57465691798938,65.83285955223887,Gradient Boosting,-12.337053503941142,-12.37905248509292,0.9953430820106206,-2.262859552238872
278.63,242.02155917467513,242.0354835132985,262.53976031746026,268.0572729014666,Gradient Boosting,36.60844082532486,36.59451648670151,16.090239682539732,10.572727098533392
63.37,28.789941777146964,28.873680571881437,61.146752394179956,57.34415085591084,Gradient Boosting,34.58005822285303,34.49631942811856,2.223247605820042,6.0258491440891575
107.14,103.17769789249007,103.32627816041476,103.51474800264542,91.0549055735873,Gradient Boosting,3.9623021075099274,3.8137218395852415,3.6252519973545816,16.085094426412695
215.52,201.58067193470774,201.56758784461127,227.59892710317456,217.31307821726477,Gradient Boosting,13.939328065292273,13.952412155388743,-12.07892710317455,-1.793078217264764
152.55,169.46823443209541,169.43458640609936,164.26143093915337,169.45456673728367,Gradient Boosting,-16.918234432095403,-16.884586406099345,-11.71143093915336,-16.90456673728366
71.09,70.30149654665138,70.18395223468771,65.34954023809522,77.17290325729904,Gradient Boosting,0.7885034533486248,0.9060477653122945,5.740459761904788,-6.082903257299037
248.36,288.9892935018973,288.65573113235916,262.5229199338624,249.85850152609527,Gradient Boosting,-40.62929350189728,-40.29573113235915,-14.162919933862383,-1.4985015260952537
64.53,44.76170877971184,44.86768066077974,54.25782747715251,61.320068023536905,Gradient Boosting,19.768291220288162,19.66231933922026,10.272172522847491,3.2099319764630962
249.13,257.02796798177167,256.89673345756364,289.894341984127,286.5697567275199,Gradient Boosting,-7.8979679817716715,-7.766733457563646,-40.764341984126986,-37.43975672751992
62.18,84.35560358668398,84.40659121477249,73.9884469312169,77.79213095183421,Gradient Boosting,-22.175603586683984,-22.22659121477249,-11.8084469312169,-15.61213095183421
108.4,110.47684132458728,110.7644942718407,112.66909238095238,112.22355906698115,Gradient Boosting,-2.076841324587278,-2.364494271840698,-4.269092380952372,-3.8235590669811472
71.64,87.83346958201648,87.84540695560325,74.06705714285708,67.94771833880014,Gradient Boosting,-16.193469582016476,-16.20540695560325,-2.4270571428570804,3.692281661199857
347.31,269.84968918902604,269.73010977531237,291.52102851731587,297.929867100416,Gradient Boosting,77.46031081097397,77.57989022468763,55.78897148268413,49.380132899584
65.09,61.412923010420826,61.281974090597345,71.8265801190476,72.08610340929795,Gradient Boosting,3.6770769895791773,3.8080259094026587,-6.736580119047602,-6.996103409297945
71.24,72.19121222330698,71.76502179593004,61.818643452380954,59.88181364672469,Gradient Boosting,-0.9512122233069817,-0.5250217959300443,9.421356547619041,11.358186353275308
160.12,228.30096457884406,228.25544550795126,226.96491829365075,217.14463847530914,Gradient Boosting,-68.18096457884405,-68.13544550795126,-66.84491829365075,-57.02463847530913
148.54,144.1633709264194,144.16036476144882,132.87418891534392,136.02858462230608,Gradient Boosting,4.376629073580602,4.379635238551174,15.66581108465607,12.511415377693908
87.58,91.01142162295346,91.20420465640288,73.89734955026462,75.45271652642894,Gradient Boosting,-3.431421622953465,-3.624204656402881,13.682650449735377,12.127283473571055
202.72,168.60517021773362,168.6762572048908,170.05511099206353,168.1534981998863,Gradient Boosting,34.11482978226638,34.04374279510921,32.664889007936466,34.56650180011371
141.95,222.99050563365756,222.71710157670623,215.74691611111106,197.0449594065042,Gradient Boosting,-81.04050563365757,-80.76710157670624,-73.79691611111107,-55.094959406504216
123.84,135.6073675842075,135.55876654495017,121.3690982936508,121.64502812169245,Gradient Boosting,-11.767367584207506,-11.71876654495017,2.47090170634921,2.1949718783075554
125.73,165.2567285861555,165.28941678914782,149.58266043650798,146.38346182021903,Gradient Boosting,-39.5267285861555,-39.55941678914782,-23.852660436507975,-20.65346182021902
245.03,246.9077535908366,246.96083708442794,252.50356698412685,245.508972512335,Gradient Boosting,-1.8777535908365905,-1.9308370844279352,-7.4735669841268475,-0.47897251233499105
148.07,166.51880437443575,166.4658161981828,141.77218207671962,150.48031858414325,Gradient Boosting,-18.448804374435753,-18.395816198182814,6.297817923280377,-2.410318584143255
103.96,74.32054788332532,74.40322284961478,97.42347380952383,88.31094987922074,Gradient Boosting,29.639452116674676,29.556777150385216,6.536526190476167,15.64905012077925
165.13,175.386971127577,175.50355043246174,178.88295420634927,180.48769473622622,Gradient Boosting,-10.256971127577003,-10.373550432461741,-13.752954206349273,-15.357694736226222
192.98,211.53506536221514,211.5212929591181,227.70395714285715,226.43375591292434,Gradient Boosting,-18.555065362215146,-18.541292959118124,-34.72395714285716,-33.45375591292435
283.03,281.89537623268166,281.7698736860893,253.3588147053874,264.23069262681327,Gradient Boosting,1.1346237673183168,1.260126313910689,29.67118529461257,18.799307373186707
264.42,236.39589192224656,236.38063607079027,266.96944753968256,262.08223023469355,Gradient Boosting,28.024108077753453,28.039363929209742,-2.5494475396825464,2.3377697653064615
163.98,140.43653473742697,140.47480981282723,140.90969302910057,142.96520960300316,Gradient Boosting,23.543465262573022,23.505190187172758,23.070306970899424,21.01479039699683
185.72,196.1611522684371,196.20353736624654,197.40664082010574,201.22671658611748,Gradient Boosting,-10.441152268437094,-10.483537366246537,-11.686640820105737,-15.506716586117477
208.7,222.7341212543187,222.56065593923523,219.85516202380944,203.89737609637697,Gradient Boosting,-14.034121254318705,-13.860655939235244,-11.155162023809453,4.802623903623015
73.88,55.330275510912685,55.20471052867461,68.54732276334776,65.6025718839108,Gradient Boosting,18.54972448908731,18.675289471325385,5.332677236652231,8.277428116089197
113.36,125.73008457365196,125.80267470209984,143.923775568783,132.2048245753436,Gradient Boosting,-12.370084573651965,-12.442674702099836,-30.563775568782987,-18.844824575343594
105.21,113.43892829840843,113.3281547311926,96.89480380952392,106.09134681459763,Gradient Boosting,-8.228928298408434,-8.118154731192604,8.315196190476073,-0.8813468145976344
189.71,176.9327821286962,176.95760778865105,169.5289014021166,163.9029398204018,Gradient Boosting,12.777217871303804,12.752392211348962,20.18109859788342,25.80706017959821
197.3,197.53711236991936,197.5136516787941,186.18989704906213,178.33008256033253,Gradient Boosting,-0.2371123699193447,-0.2136516787940934,11.110102950937886,18.969917439667483
218.91,201.41339769603596,201.4629126229801,191.16420441798928,186.99183760113146,Gradient Boosting,17.49660230396404,17.447087377019898,27.745795582010714,31.91816239886853
104.65,126.48517972333124,126.59411965946043,109.6472864285714,110.03457810869769,Gradient Boosting,-21.835179723331237,-21.944119659460426,-4.9972864285714,-5.384578108697681
249.12,236.25722140901212,236.07005514427826,219.22320403439159,220.02099088586456,Gradient Boosting,12.862778590987887,13.049944855721748,29.89679596560842,29.09900911413544
120.7,137.68618986749505,137.79817087092792,131.09276924603174,128.25801196220237,Gradient Boosting,-16.986189867495042,-17.098170870927916,-10.392769246031733,-7.558011962202372
49.41,56.85712892950366,56.76870321021276,56.83743837301589,54.922014741852315,Gradient Boosting,-7.447128929503663,-7.3587032102127665,-7.427438373015896,-5.512014741852319
137.93,122.61788815874758,122.57974570990486,125.8460197751322,134.46976206277293,Gradient Boosting,15.312111841252431,15.350254290095151,12.083980224867801,3.4602379372270775
252.25,297.8097091520838,297.54258784145577,287.5954506349206,286.7368263087942,Gradient Boosting,-45.559709152083826,-45.29258784145577,-35.34545063492061,-34.48682630879421
214.0,222.6749367495974,222.4952442009824,213.2974408597884,199.20585660942947,Gradient Boosting,-8.674936749597407,-8.495244200982398,0.7025591402116049,14.794143390570525
226.56,227.52836151316643,227.50280034567666,236.30820518518527,236.55115700190876,Gradient Boosting,-0.9683615131664283,-0.9428003456766589,-9.74820518518527,-9.99115700190876
165.89,190.07043228565684,190.02655406453462,175.90496517195777,166.85332354698423,Gradient Boosting,-24.18043228565685,-24.136554064534636,-10.014965171957783,-0.9633235469842418
184.39,186.46528586555777,186.62276852818178,171.79765892857156,179.38320804753818,Gradient Boosting,-2.075285865557788,-2.2327685281817935,12.592341071428422,5.0067919524618105
215.14,206.13096177002885,206.16037134934103,204.41351140211654,202.09500570113585,Gradient Boosting,9.00903822997114,8.979628650658952,10.726488597883446,13.04499429886414
47.59,62.10946362823961,61.50137553270831,52.57506969576719,62.76680258909386,Gradient Boosting,-14.519463628239606,-13.911375532708306,-4.985069695767187,-15.176802589093853
162.7,145.8750717079975,145.89824388569173,136.2904838888889,141.90867240011704,Gradient Boosting,16.824928292002483,16.80175611430826,26.40951611111109,20.791327599882948
129.64,125.7542052112515,125.78431551981552,128.24524958994718,127.02038175752621,Gradient Boosting,3.885794788748484,3.8556844801844647,1.3947504100528079,2.619618242473777
36.73,0.9495060625181679,0.8532030663791659,42.5048881349206,42.09870457113077,Gradient Boosting,35.78049393748183,35.87679693362083,-5.774888134920602,-5.36870457113077
121.23,97.31445308240737,97.5602540527966,108.93581575396831,100.78916681574333,Gradient Boosting,23.915546917592636,23.66974594720341,12.29418424603169,20.440833184256675
100.49,98.1673581859299,98.14231143323035,98.36254900793652,105.40249049572094,Gradient Boosting,2.3226418140700957,2.347688566769648,2.1274509920634728,-4.912490495720945
153.66,184.39037176104534,184.32654048539678,179.09236906084644,175.51147999779437,Gradient Boosting,-30.730371761045348,-30.66654048539678,-25.43236906084644,-21.85147999779437
204.35,269.3762798508458,269.0865050132281,254.80325302910055,238.89911565115062,Gradient Boosting,-65.02627985084578,-64.73650501322808,-50.45325302910055,-34.54911565115063
54.63,82.10336604918024,81.53151272724301,54.6510846825397,52.141288418292135,Gradient Boosting,-27.473366049180235,-26.90151272724301,-0.0210846825396942,2.488711581707868
100.23,79.28163722946674,79.30515488206332,93.13033757936512,97.45724403074367,Gradient Boosting,20.948362770533265,20.924845117936684,7.0996624206348855,2.7727559692563375
205.62,203.24949457058636,203.3882144505746,203.9246060714286,213.20302198492425,Gradient Boosting,2.3705054294136403,2.2317855494254104,1.6953939285714057,-7.583021984924244
57.91,48.9954991197054,48.970125538321696,64.34207552910055,66.83262355245594,Gradient Boosting,8.914500880294597,8.9398744616783,-6.432075529100558,-8.922623552455946
146.82,166.8544843736119,167.0325441108641,143.9729608333333,145.03220570637885,Gradient Boosting,-20.034484373611917,-20.212544110864116,2.84703916666669,1.7877942936211468
69.75,100.52432181206066,100.43095914434112,69.3785453306878,78.51019981013884,Gradient Boosting,-30.774321812060663,-30.680959144341116,0.3714546693122003,-8.760199810138843
65.22,71.22880820678803,71.46521023240211,79.9351571693121,64.90410845236218,Gradient Boosting,-6.008808206788032,-6.2452102324021155,-14.715157169312107,0.31589154763781835
110.28,85.2370364403037,85.26304662809703,105.85998991341991,104.57972390179818,Gradient Boosting,25.042963559696304,25.01695337190297,4.420010086580092,5.700276098201826
184.96,202.32056835904058,202.3488749982956,206.68031478835994,190.88919775370184,Gradient Boosting,-17.36056835904057,-17.38887499829559,-21.72031478835993,-5.929197753701828
72.8,72.50014667178388,72.3146414983793,71.65667862313614,68.75383363987281,Gradient Boosting,0.2998533282161162,0.48535850162069494,1.1433213768638524,4.046166360127188
149.73,146.76873230680317,146.7843328401963,141.93604384199134,150.20958764142281,Gradient Boosting,2.9612676931968167,2.9456671598036905,7.793956158008655,-0.4795876414228246
220.26,200.41660708029735,200.60673700334948,195.21198160052893,192.49873105046106,Gradient Boosting,19.843392919702637,19.65326299665051,25.04801839947106,27.76126894953893
310.95,281.0402856093557,280.9617573535031,272.1963367989419,295.11733669724737,Gradient Boosting,29.909714390644297,29.98824264649687,38.75366320105809,15.832663302752621
158.84,161.2948382979886,161.31104513461972,173.93338628306898,168.62501840287473,Gradient Boosting,-2.4548382979886014,-2.4710451346197146,-15.09338628306898,-9.785018402874726
377.29,304.70810877827887,304.4344758602922,342.8195207539682,338.3496487124397,Gradient Boosting,72.58189122172115,72.85552413970782,34.4704792460318,38.940351287560304
207.95,216.20516335744347,216.26225998434182,249.22623297619037,234.88628512872808,Gradient Boosting,-8.255163357443479,-8.312259984341836,-41.276232976190386,-26.936285128728088
358.7,275.3997439379841,275.37259788958244,301.3232760582009,300.83820712649253,Gradient Boosting,83.30025606201588,83.32740211041755,57.37672394179907,57.861792873507454
346.98,279.9619444956692,279.9882464619317,312.2250378174602,312.53940699384947,Gradient Boosting,67.01805550433085,66.99175353806834,34.75496218253983,34.44059300615055
65.37,47.38519666744031,47.38636394669038,63.6265090476191,65.88678485995605,Gradient Boosting,17.984803332559693,17.983636053309624,1.7434909523809026,-0.5167848599560472
53.87,55.971817365287095,56.09676245375984,55.9672386904762,56.44289188223143,Gradient Boosting,-2.101817365287097,-2.2267624537598394,-2.0972386904762033,-2.5728918822314313
92.95,90.80006713225738,91.04462056554706,107.02726486772485,100.98631801498215,Gradient Boosting,2.1499328677426206,1.9053794344529393,-14.07726486772485,-8.036318014982143
79.92,68.56565136975641,68.64538284318473,75.25408966931222,74.57739969400262,Gradient Boosting,11.354348630243592,11.274617156815268,4.66591033068778,5.3426003059973795
234.86,244.72141525094,244.89430762723455,254.63364136243374,246.0508696304392,Gradient Boosting,-9.861415250939984,-10.03430762723454,-19.77364136243372,-11.190869630439181
45.5,17.84773400752661,17.7977597298881,50.71624066137563,46.726534616209904,Gradient Boosting,27.65226599247339,27.7022402701119,-5.216240661375629,-1.2265346162099036
154.66,210.3377042176941,210.35373739543064,210.8349687830689,206.46168771963988,Gradient Boosting,-55.6777042176941,-55.693737395430645,-56.17496878306889,-51.80168771963989
146.42,167.71150670282603,167.96497505833082,146.852879074074,149.3920270081396,Gradient Boosting,-21.29150670282604,-21.544975058330834,-0.43287907407400894,-2.972027008139605
62.07,39.94820474379701,40.042782638508484,57.3218887169312,54.37359301832145,Gradient Boosting,22.121795256202994,22.027217361491516,4.748111283068802,7.69640698167855
224.19,240.84585700601102,240.99848075965434,231.4613245502645,219.0229114479953,Gradient Boosting,-16.65585700601102,-16.808480759654344,-7.271324550264495,5.167088552004685
201.3,207.5241923243512,207.75952179024358,208.31802322751332,206.83374135315796,Gradient Boosting,-6.224192324351179,-6.459521790243571,-7.018023227513311,-5.53374135315795
267.37,299.60661048184534,299.259124423594,281.91460111111087,282.9647731207512,Gradient Boosting,-32.23661048184533,-31.889124423594012,-14.544601111110865,-15.5947731207512
210.65,227.49389313367516,227.49156107723863,254.5094947486773,245.27457415704592,Gradient Boosting,-16.843893133675152,-16.841561077238623,-43.85949474867729,-34.62457415704591
225.17,242.02791393274677,242.06294934899188,260.4136462566137,258.67148460992536,Gradient Boosting,-16.857913932746783,-16.89294934899189,-35.24364625661369,-33.50148460992537
42.7,31.606518130019055,31.63419563563167,50.26955324074077,52.09816249539741,Gradient Boosting,11.093481869980948,11.065804364368333,-7.569553240740767,-9.398162495397408
133.96,141.58641923079247,141.6102303948498,145.48618564814808,143.13565353375824,Gradient Boosting,-7.6264192307924645,-7.650230394849785,-11.526185648148072,-9.175653533758236
140.56,153.8968358131032,153.87018100696775,158.1804305952382,155.96711381085348,Gradient Boosting,-13.336835813103193,-13.310181006967753,-17.62043059523819,-15.407113810853474
125.85,125.13930362757068,125.20831287492521,126.92402353174599,136.88311271204722,Gradient Boosting,0.7106963724293109,0.6416871250747818,-1.0740235317459934,-11.033112712047227
152.58,147.9814724701994,147.99704778789055,148.57951866402115,145.2727318346974,Gradient Boosting,4.598527529800606,4.582952212109461,4.000481335978861,7.307268165302617
66.59,85.5805747534239,85.24989133500408,65.50517365079367,73.11687840691087,Gradient Boosting,-18.9905747534239,-18.659891335004076,1.0848263492063381,-6.526878406910868
106.12,124.90375104956962,124.76685607123997,111.12489874338627,106.4208282623394,Gradient Boosting,-18.783751049569616,-18.646856071239966,-5.0048987433862635,-0.30082826233939386
156.12,121.16158888500632,121.16773900246926,135.7956790271766,132.86855806381047,Gradient Boosting,34.95841111499368,34.95226099753074,20.324320972823415,23.251441936189536
239.92,295.83893026419196,295.56895192179525,292.78479335137064,285.41878846877853,Gradient Boosting,-55.91893026419197,-55.64895192179526,-52.86479335137065,-45.49878846877854
253.33,240.21853220560797,240.19176220106442,255.04813219576724,258.9958192196748,Gradient Boosting,13.111467794392041,13.138237798935592,-1.7181321957672253,-5.665819219674773
336.8,311.8747817520885,311.8080747840802,338.0931962830688,349.9454710436704,Gradient Boosting,24.925218247911516,24.99192521591982,-1.2931962830687667,-13.145471043670398
159.92,144.82851957256983,144.80178461843215,143.68786686507943,140.58272219917674,Gradient Boosting,15.091480427430156,15.118215381567836,16.23213313492056,19.337277800823244
90.4,105.06445238564035,105.18899291469718,93.21096552910048,98.0628212081372,Gradient Boosting,-14.664452385640345,-14.788992914697175,-2.8109655291004714,-7.6628212081371885
216.47,207.19915097308322,207.2655729226136,211.09692228835982,213.90367632011115,Gradient Boosting,9.270849026916778,9.204427077386413,5.373077711640178,2.5663236798888533
77.31,94.78014175715887,94.98274661246874,87.84257509259261,84.17215698741977,Gradient Boosting,-17.47014175715887,-17.672746612468742,-10.532575092592609,-6.862156987419766
53.44,86.03797939781978,85.72730370746498,66.70473396825398,61.47968931271259,Gradient Boosting,-32.597979397819785,-32.287303707464986,-13.264733968253978,-8.03968931271259
297.39,271.41618846697196,271.27629181426016,267.054150674603,280.89011401510754,Gradient Boosting,25.973811533028027,26.113708185739824,30.335849325396964,16.499885984892444
300.36,249.9217064809622,249.81156344757582,241.88842005291036,254.59880977712822,Gradient Boosting,50.43829351903781,50.54843655242419,58.47157994708965,45.76119022287179
104.07,117.2886747413877,117.41977752069869,112.53545607142854,103.62668557945283,Gradient Boosting,-13.218674741387701,-13.349777520698694,-8.465456071428548,0.44331442054716774
194.86,213.98864284972274,214.0000994261169,223.74618904761897,210.22767999684024,Gradient Boosting,-19.128642849722723,-19.140099426116876,-28.886189047618956,-15.367679996840224
294.52,256.60465163557546,256.5459117479437,272.60517228835977,283.88035008216974,Gradient Boosting,37.91534836442452,37.974088252056276,21.914827711640214,10.63964991783024
76.94,77.86323103093508,77.98389610591822,85.17254542328043,77.25877450853051,Gradient Boosting,-0.9232310309350851,-1.043896105918222,-8.232545423280428,-0.3187745085305096
79.23,120.6803046258674,120.81399122013948,113.6159569576719,100.19925981421473,Gradient Boosting,-41.45030462586739,-41.58399122013948,-34.385956957671894,-20.969259814214723
49.4,37.889229523073155,37.78861162739817,49.932176031746025,47.502644648821665,Gradient Boosting,11.510770476926844,11.61138837260183,-0.532176031746026,1.8973553511783336
192.15,148.7786199434638,148.79968782469143,140.97556111111115,151.23308844903153,Gradient Boosting,43.371380056536196,43.350312175308574,51.17443888888886,40.91691155096848
127.46,126.33083952443236,126.33534267633132,122.6707080820106,126.65838075666397,Gradient Boosting,1.1291604755676303,1.1246573236686714,4.789291917989388,0.8016192433360203
233.22,232.92117982503623,232.83283038819178,228.08460182539673,223.5599695441012,Gradient Boosting,0.29882017496376534,0.3871696118082184,5.135398174603267,9.660030455898806
367.93,264.4908155695869,264.43406476194946,298.00686814814804,286.88636265757367,Gradient Boosting,103.43918443041309,103.49593523805055,69.92313185185196,81.04363734242634
135.92,168.31188400395507,168.39392968530694,172.28260469576716,158.04839542790947,Gradient Boosting,-32.391884003955084,-32.473929685306956,-36.362604695767175,-22.12839542790948
60.12,58.51974731586381,58.38571598485244,60.3117519576719,68.87215590161597,Gradient Boosting,1.600252684136187,1.7342840151475585,-0.19175195767190445,-8.752155901615971
129.6,102.79626131109936,102.71576618092193,113.67871511904762,113.28030734693459,Gradient Boosting,26.803738688900637,26.884233819078062,15.92128488095237,16.319692653065403
50.2,47.5930957168064,47.24467713997285,44.03182522486775,53.297034049452364,Gradient Boosting,2.6069042831936002,2.9553228600271524,6.16817477513225,-3.097034049452361
